"01-05-2019","Automotive","Car Care","1797","1","https://www.amazon.com/s/ref=sr_in_1_p_89_0/131-3273152-5747027?fst=as%3Aoff&rh=n%3A2562090011%2Cn%3A%2115690151%2Cn%3A15718271%2Cp_89%3A1797&bbn=2562090011&ie=UTF8&qid=1556691778&rnid=2528832011"
"01-05-2019","Automotive","Car Care","2 Red Dogs","1","https://www.amazon.com/s/ref=sr_in_1_p_89_1/131-3273152-5747027?fst=as%3Aoff&rh=n%3A2562090011%2Cn%3A%2115690151%2Cn%3A15718271%2Cp_89%3A2+Red+Dogs&bbn=2562090011&ie=UTF8&qid=1556691778&rnid=2528832011"
"01-05-2019","Automotive","Car Care","303 Products","9","https://www.amazon.com/s/ref=sr_in_1_p_89_2/131-3273152-5747027?fst=as%3Aoff&rh=n%3A2562090011%2Cn%3A%2115690151%2Cn%3A15718271%2Cp_89%3A303+Products&bbn=2562090011&ie=UTF8&qid=1556691778&rnid=2528832011"
"01-05-2019","Automotive","Car Care","3D Auto Detailing Products","6","https://www.amazon.com/s/ref=sr_in_1_p_89_3/131-3273152-5747027?fst=as%3Aoff&rh=n%3A2562090011%2Cn%3A%2115690151%2Cn%3A15718271%2Cp_89%3A3D+Auto+Detailing+Products&bbn=2562090011&ie=UTF8&qid=1556691778&rnid=2528832011"
"01-05-2019","Automotive","Car Care","3M","78","https://www.amazon.com/s/ref=sr_in_1_p_89_4/131-3273152-5747027?fst=as%3Aoff&rh=n%3A2562090011%2Cn%3A%2115690151%2Cn%3A15718271%2Cp_89%3A3M&bbn=2562090011&ie=UTF8&qid=1556691778&rnid=2528832011"
"01-05-2019","Automotive","Car Care","3X:Chemistry","1","https://www.amazon.com/s/ref=sr_in_1_p_89_5/131-3273152-5747027?fst=as%3Aoff&rh=n%3A2562090011%2Cn%3A%2115690151%2Cn%3A15718271%2Cp_89%3A3X%3AChemistry&bbn=2562090011&ie=UTF8&qid=1556691778&rnid=2528832011"
"01-05-2019","Automotive","Car Care","7MO","1","https://www.amazon.com/s/ref=sr_in_1_p_89_6/131-3273152-5747027?fst=as%3Aoff&rh=n%3A2562090011%2Cn%3A%2115690151%2Cn%3A15718271%2Cp_89%3A7MO&bbn=2562090011&ie=UTF8&qid=1556691778&rnid=2528832011"
"01-05-2019","Automotive","Car Care","9 MOON","1","https://www.amazon.com/s/ref=sr_in_1_p_89_7/131-3273152-5747027?fst=as%3Aoff&rh=n%3A2562090011%2Cn%3A%2115690151%2Cn%3A15718271%2Cp_89%3A9+MOON&bbn=2562090011&ie=UTF8&qid=1556691778&rnid=2528832011"
"01-05-2019","Automotive","Car Care","A.B Crew","1","https://www.amazon.com/s/ref=sr_in_a_p_89_0?fst=as%3Aoff&rh=n%3A2562090011%2Cn%3A%2115690151%2Cn%3A15718271%2Cp_89%3AA.B+Crew&bbn=2562090011&ie=UTF8&qid=1556691784&rnid=2528832011"
"01-05-2019","Automotive","Car Care","ABN","14","https://www.amazon.com/s/ref=sr_in_a_p_89_1?fst=as%3Aoff&rh=n%3A2562090011%2Cn%3A%2115690151%2Cn%3A15718271%2Cp_89%3AABN&bbn=2562090011&ie=UTF8&qid=1556691784&rnid=2528832011"
"01-05-2019","Automotive","Car Care","ACBungji","2","https://www.amazon.com/s/ref=sr_in_a_p_89_2?fst=as%3Aoff&rh=n%3A2562090011%2Cn%3A%2115690151%2Cn%3A15718271%2Cp_89%3AACBungji&bbn=2562090011&ie=UTF8&qid=1556691784&rnid=2528832011"
"01-05-2019","Automotive","Car Care","Accuspray","1","https://www.amazon.com/s/ref=sr_in_a_p_89_3?fst=as%3Aoff&rh=n%3A2562090011%2Cn%3A%2115690151%2Cn%3A15718271%2Cp_89%3AAccuspray&bbn=2562090011&ie=UTF8&qid=1556691784&rnid=2528832011"
"01-05-2019","Automotive","Car Care","ACDelco","11","https://www.amazon.com/s/ref=sr_in_a_p_89_4?fst=as%3Aoff&rh=n%3A2562090011%2Cn%3A%2115690151%2Cn%3A15718271%2Cp_89%3AACDelco&bbn=2562090011&ie=UTF8&qid=1556691784&rnid=2528832011"
"01-05-2019","Automotive","Car Care","Acme Auto Headlining Co","1","https://www.amazon.com/s/ref=sr_in_a_p_89_5?fst=as%3Aoff&rh=n%3A2562090011%2Cn%3A%2115690151%2Cn%3A15718271%2Cp_89%3AAcme+Auto+Headlining+Co&bbn=2562090011&ie=UTF8&qid=1556691784&rnid=2528832011"
"01-05-2019","Automotive","Car Care","ACS Industries","1","https://www.amazon.com/s/ref=sr_in_a_p_89_6?fst=as%3Aoff&rh=n%3A2562090011%2Cn%3A%2115690151%2Cn%3A15718271%2Cp_89%3AACS+Industries&bbn=2562090011&ie=UTF8&qid=1556691784&rnid=2528832011"
"01-05-2019","Automotive","Car Care","Acura","7","https://www.amazon.com/s/ref=sr_in_a_p_89_7?fst=as%3Aoff&rh=n%3A2562090011%2Cn%3A%2115690151%2Cn%3A15718271%2Cp_89%3AAcura&bbn=2562090011&ie=UTF8&qid=1556691784&rnid=2528832011"
"01-05-2019","Automotive","Car Care","Adam's","2","https://www.amazon.com/s/ref=sr_in_a_p_89_8?fst=as%3Aoff&rh=n%3A2562090011%2Cn%3A%2115690151%2Cn%3A15718271%2Cp_89%3AAdam%27s&bbn=2562090011&ie=UTF8&qid=1556691784&rnid=2528832011"
"01-05-2019","Automotive","Car Care","Adam's Polishes","18","https://www.amazon.com/s/ref=sr_in_a_p_89_9?fst=as%3Aoff&rh=n%3A2562090011%2Cn%3A%2115690151%2Cn%3A15718271%2Cp_89%3AAdam%27s+Polishes&bbn=2562090011&ie=UTF8&qid=1556691784&rnid=2528832011"
"01-05-2019","Automotive","Car Care","Adjust-A-Brush","1","https://www.amazon.com/s/ref=sr_in_a_p_89_10?fst=as%3Aoff&rh=n%3A2562090011%2Cn%3A%2115690151%2Cn%3A15718271%2Cp_89%3AAdjust-A-Brush&bbn=2562090011&ie=UTF8&qid=1556691784&rnid=2528832011"
"01-05-2019","Automotive","Car Care","ADT","2","https://www.amazon.com/s/ref=sr_in_a_p_89_11?fst=as%3Aoff&rh=n%3A2562090011%2Cn%3A%2115690151%2Cn%3A15718271%2Cp_89%3AADT&bbn=2562090011&ie=UTF8&qid=1556691784&rnid=2528832011"
"01-05-2019","Automotive","Car Care","Advgears","1","https://www.amazon.com/s/ref=sr_in_a_p_89_12?fst=as%3Aoff&rh=n%3A2562090011%2Cn%3A%2115690151%2Cn%3A15718271%2Cp_89%3AAdvgears&bbn=2562090011&ie=UTF8&qid=1556691784&rnid=2528832011"
"01-05-2019","Automotive","Car Care","AERO","1","https://www.amazon.com/s/ref=sr_in_a_p_89_13?fst=as%3Aoff&rh=n%3A2562090011%2Cn%3A%2115690151%2Cn%3A15718271%2Cp_89%3AAERO&bbn=2562090011&ie=UTF8&qid=1556691784&rnid=2528832011"
"01-05-2019","Automotive","Car Care","Aero","1","https://www.amazon.com/s/ref=sr_in_a_p_89_14?fst=as%3Aoff&rh=n%3A2562090011%2Cn%3A%2115690151%2Cn%3A15718271%2Cp_89%3AAero&bbn=2562090011&ie=UTF8&qid=1556691784&rnid=2528832011"
"01-05-2019","Automotive","Car Care","Aero Cosmetics","3","https://www.amazon.com/s/ref=sr_in_a_p_89_15?fst=as%3Aoff&rh=n%3A2562090011%2Cn%3A%2115690151%2Cn%3A15718271%2Cp_89%3AAero+Cosmetics&bbn=2562090011&ie=UTF8&qid=1556691784&rnid=2528832011"
"01-05-2019","Automotive","Car Care","Aerolon","1","https://www.amazon.com/s/ref=sr_in_a_p_89_16?fst=as%3Aoff&rh=n%3A2562090011%2Cn%3A%2115690151%2Cn%3A15718271%2Cp_89%3AAerolon&bbn=2562090011&ie=UTF8&qid=1556691784&rnid=2528832011"
"01-05-2019","Automotive","Car Care","AFF","1","https://www.amazon.com/s/ref=sr_in_a_p_89_17?fst=as%3Aoff&rh=n%3A2562090011%2Cn%3A%2115690151%2Cn%3A15718271%2Cp_89%3AAFF&bbn=2562090011&ie=UTF8&qid=1556691784&rnid=2528832011"
"01-05-2019","Automotive","Car Care","Affordable","1","https://www.amazon.com/s/ref=sr_in_a_p_89_18?fst=as%3Aoff&rh=n%3A2562090011%2Cn%3A%2115690151%2Cn%3A15718271%2Cp_89%3AAffordable&bbn=2562090011&ie=UTF8&qid=1556691784&rnid=2528832011"
"01-05-2019","Automotive","Car Care","Aged Leather Pros","1","https://www.amazon.com/s/ref=sr_in_a_p_89_19?fst=as%3Aoff&rh=n%3A2562090011%2Cn%3A%2115690151%2Cn%3A15718271%2Cp_89%3AAged+Leather+Pros&bbn=2562090011&ie=UTF8&qid=1556691784&rnid=2528832011"
"01-05-2019","Automotive","Car Care","Ai CAR FUN","1","https://www.amazon.com/s/ref=sr_in_a_p_89_20?fst=as%3Aoff&rh=n%3A2562090011%2Cn%3A%2115690151%2Cn%3A15718271%2Cp_89%3AAi+CAR+FUN&bbn=2562090011&ie=UTF8&qid=1556691784&rnid=2528832011"
"01-05-2019","Automotive","Car Care","AIEVE","1","https://www.amazon.com/s/ref=sr_in_a_p_89_21?fst=as%3Aoff&rh=n%3A2562090011%2Cn%3A%2115690151%2Cn%3A15718271%2Cp_89%3AAIEVE&bbn=2562090011&ie=UTF8&qid=1556691784&rnid=2528832011"
"01-05-2019","Automotive","Car Care","Ainope","1","https://www.amazon.com/s/ref=sr_in_a_p_89_22?fst=as%3Aoff&rh=n%3A2562090011%2Cn%3A%2115690151%2Cn%3A15718271%2Cp_89%3AAinope&bbn=2562090011&ie=UTF8&qid=1556691784&rnid=2528832011"
"01-05-2019","Automotive","Car Care","Airpro","1","https://www.amazon.com/s/ref=sr_in_a_p_89_23?fst=as%3Aoff&rh=n%3A2562090011%2Cn%3A%2115690151%2Cn%3A15718271%2Cp_89%3AAirpro&bbn=2562090011&ie=UTF8&qid=1556691784&rnid=2528832011"
"01-05-2019","Automotive","Car Care","Al's Liner","7","https://www.amazon.com/s/ref=sr_in_a_p_89_24?fst=as%3Aoff&rh=n%3A2562090011%2Cn%3A%2115690151%2Cn%3A15718271%2Cp_89%3AAl%27s+Liner&bbn=2562090011&ie=UTF8&qid=1556691784&rnid=2528832011"
"01-05-2019","Automotive","Car Care","ALEKO","6","https://www.amazon.com/s/ref=sr_in_a_p_89_25?fst=as%3Aoff&rh=n%3A2562090011%2Cn%3A%2115690151%2Cn%3A15718271%2Cp_89%3AALEKO&bbn=2562090011&ie=UTF8&qid=1556691784&rnid=2528832011"
"01-05-2019","Automotive","Car Care","ALINCAS","1","https://www.amazon.com/s/ref=sr_in_a_p_89_26?fst=as%3Aoff&rh=n%3A2562090011%2Cn%3A%2115690151%2Cn%3A15718271%2Cp_89%3AALINCAS&bbn=2562090011&ie=UTF8&qid=1556691784&rnid=2528832011"
"01-05-2019","Automotive","Car Care","All American","1","https://www.amazon.com/s/ref=sr_in_a_p_89_27?fst=as%3Aoff&rh=n%3A2562090011%2Cn%3A%2115690151%2Cn%3A15718271%2Cp_89%3AAll+American&bbn=2562090011&ie=UTF8&qid=1556691784&rnid=2528832011"
"01-05-2019","Automotive","Car Care","Alled","1","https://www.amazon.com/s/ref=sr_in_a_p_89_28?fst=as%3Aoff&rh=n%3A2562090011%2Cn%3A%2115690151%2Cn%3A15718271%2Cp_89%3AAlled&bbn=2562090011&ie=UTF8&qid=1556691784&rnid=2528832011"
"01-05-2019","Automotive","Car Care","Allnano","1","https://www.amazon.com/s/ref=sr_in_a_p_89_29?fst=as%3Aoff&rh=n%3A2562090011%2Cn%3A%2115690151%2Cn%3A15718271%2Cp_89%3AAllnano&bbn=2562090011&ie=UTF8&qid=1556691784&rnid=2528832011"
"01-05-2019","Automotive","Car Care","Allstar","2","https://www.amazon.com/s/ref=sr_in_a_p_89_30?fst=as%3Aoff&rh=n%3A2562090011%2Cn%3A%2115690151%2Cn%3A15718271%2Cp_89%3AAllstar&bbn=2562090011&ie=UTF8&qid=1556691784&rnid=2528832011"
"01-05-2019","Automotive","Car Care","Alpena","1","https://www.amazon.com/s/ref=sr_in_a_p_89_31?fst=as%3Aoff&rh=n%3A2562090011%2Cn%3A%2115690151%2Cn%3A15718271%2Cp_89%3AAlpena&bbn=2562090011&ie=UTF8&qid=1556691784&rnid=2528832011"
"01-05-2019","Automotive","Car Care","Alpha Professional Tools","2","https://www.amazon.com/s/ref=sr_in_a_p_89_32?fst=as%3Aoff&rh=n%3A2562090011%2Cn%3A%2115690151%2Cn%3A15718271%2Cp_89%3AAlpha+Professional+Tools&bbn=2562090011&ie=UTF8&qid=1556691784&rnid=2528832011"
"01-05-2019","Automotive","Car Care","AlphaVinyl","1","https://www.amazon.com/s/ref=sr_in_a_p_89_33?fst=as%3Aoff&rh=n%3A2562090011%2Cn%3A%2115690151%2Cn%3A15718271%2Cp_89%3AAlphaVinyl&bbn=2562090011&ie=UTF8&qid=1556691784&rnid=2528832011"
"01-05-2019","Automotive","Car Care","AmazonBasics","4","https://www.amazon.com/s/ref=sr_in_a_p_89_34?fst=as%3Aoff&rh=n%3A2562090011%2Cn%3A%2115690151%2Cn%3A15718271%2Cp_89%3AAmazonBasics&bbn=2562090011&ie=UTF8&qid=1556691784&rnid=2528832011"
"01-05-2019","Automotive","Car Care","American Extractors","1","https://www.amazon.com/s/ref=sr_in_a_p_89_35?fst=as%3Aoff&rh=n%3A2562090011%2Cn%3A%2115690151%2Cn%3A15718271%2Cp_89%3AAmerican+Extractors&bbn=2562090011&ie=UTF8&qid=1556691784&rnid=2528832011"
"01-05-2019","Automotive","Car Care","Amflo","4","https://www.amazon.com/s/ref=sr_in_a_p_89_36?fst=as%3Aoff&rh=n%3A2562090011%2Cn%3A%2115690151%2Cn%3A15718271%2Cp_89%3AAmflo&bbn=2562090011&ie=UTF8&qid=1556691784&rnid=2528832011"
"01-05-2019","Automotive","Car Care","AMMEX","1","https://www.amazon.com/s/ref=sr_in_a_p_89_37?fst=as%3Aoff&rh=n%3A2562090011%2Cn%3A%2115690151%2Cn%3A15718271%2Cp_89%3AAMMEX&bbn=2562090011&ie=UTF8&qid=1556691784&rnid=2528832011"
"01-05-2019","Automotive","Car Care","Ammex","1","https://www.amazon.com/s/ref=sr_in_a_p_89_38?fst=as%3Aoff&rh=n%3A2562090011%2Cn%3A%2115690151%2Cn%3A15718271%2Cp_89%3AAmmex&bbn=2562090011&ie=UTF8&qid=1556691784&rnid=2528832011"
"01-05-2019","Automotive","Car Care","Amtake","1","https://www.amazon.com/s/ref=sr_in_a_p_89_39?fst=as%3Aoff&rh=n%3A2562090011%2Cn%3A%2115690151%2Cn%3A15718271%2Cp_89%3AAmtake&bbn=2562090011&ie=UTF8&qid=1556691784&rnid=2528832011"
"01-05-2019","Automotive","Car Care","AniMed","1","https://www.amazon.com/s/ref=sr_in_a_p_89_40?fst=as%3Aoff&rh=n%3A2562090011%2Cn%3A%2115690151%2Cn%3A15718271%2Cp_89%3AAniMed&bbn=2562090011&ie=UTF8&qid=1556691784&rnid=2528832011"
"01-05-2019","Automotive","Car Care","Ansen Tools","3","https://www.amazon.com/s/ref=sr_in_a_p_89_41?fst=as%3Aoff&rh=n%3A2562090011%2Cn%3A%2115690151%2Cn%3A15718271%2Cp_89%3AAnsen+Tools&bbn=2562090011&ie=UTF8&qid=1556691784&rnid=2528832011"
"01-05-2019","Automotive","Car Care","ANTEQI","1","https://www.amazon.com/s/ref=sr_in_a_p_89_42?fst=as%3Aoff&rh=n%3A2562090011%2Cn%3A%2115690151%2Cn%3A15718271%2Cp_89%3AANTEQI&bbn=2562090011&ie=UTF8&qid=1556691784&rnid=2528832011"
"01-05-2019","Automotive","Car Care","Antrader","3","https://www.amazon.com/s/ref=sr_in_a_p_89_43?fst=as%3Aoff&rh=n%3A2562090011%2Cn%3A%2115690151%2Cn%3A15718271%2Cp_89%3AAntrader&bbn=2562090011&ie=UTF8&qid=1556691784&rnid=2528832011"
"01-05-2019","Automotive","Car Care","Anytime Tools","3","https://www.amazon.com/s/ref=sr_in_a_p_89_44?fst=as%3Aoff&rh=n%3A2562090011%2Cn%3A%2115690151%2Cn%3A15718271%2Cp_89%3AAnytime+Tools&bbn=2562090011&ie=UTF8&qid=1556691784&rnid=2528832011"
"01-05-2019","Automotive","Car Care","AP Products","1","https://www.amazon.com/s/ref=sr_in_a_p_89_45?fst=as%3Aoff&rh=n%3A2562090011%2Cn%3A%2115690151%2Cn%3A15718271%2Cp_89%3AAP+Products&bbn=2562090011&ie=UTF8&qid=1556691784&rnid=2528832011"
"01-05-2019","Automotive","Car Care","Aquapel","1","https://www.amazon.com/s/ref=sr_in_a_p_89_46?fst=as%3Aoff&rh=n%3A2562090011%2Cn%3A%2115690151%2Cn%3A15718271%2Cp_89%3AAquapel&bbn=2562090011&ie=UTF8&qid=1556691784&rnid=2528832011"
"01-05-2019","Automotive","Car Care","Aries","1","https://www.amazon.com/s/ref=sr_in_a_p_89_47?fst=as%3Aoff&rh=n%3A2562090011%2Cn%3A%2115690151%2Cn%3A15718271%2Cp_89%3AAries&bbn=2562090011&ie=UTF8&qid=1556691784&rnid=2528832011"
"01-05-2019","Automotive","Car Care","ARIÈS","1","https://www.amazon.com/s/ref=sr_in_a_p_89_48?fst=as%3Aoff&rh=n%3A2562090011%2Cn%3A%2115690151%2Cn%3A15718271%2Cp_89%3AARI%C3%88S&bbn=2562090011&ie=UTF8&qid=1556691784&rnid=2528832011"
"01-05-2019","Automotive","Car Care","Armor All","52","https://www.amazon.com/s/ref=sr_in_a_p_89_49?fst=as%3Aoff&rh=n%3A2562090011%2Cn%3A%2115690151%2Cn%3A15718271%2Cp_89%3AArmor+All&bbn=2562090011&ie=UTF8&qid=1556691784&rnid=2528832011"
"01-05-2019","Automotive","Car Care","Armor Protective Packaging","1","https://www.amazon.com/s/ref=sr_in_a_p_89_50?fst=as%3Aoff&rh=n%3A2562090011%2Cn%3A%2115690151%2Cn%3A15718271%2Cp_89%3AArmor+Protective+Packaging&bbn=2562090011&ie=UTF8&qid=1556691784&rnid=2528832011"
"01-05-2019","Automotive","Car Care","ArmorAll","1","https://www.amazon.com/s/ref=sr_in_a_p_89_51?fst=as%3Aoff&rh=n%3A2562090011%2Cn%3A%2115690151%2Cn%3A15718271%2Cp_89%3AArmorAll&bbn=2562090011&ie=UTF8&qid=1556691784&rnid=2528832011"
"01-05-2019","Automotive","Car Care","Armordillo","1","https://www.amazon.com/s/ref=sr_in_a_p_89_52?fst=as%3Aoff&rh=n%3A2562090011%2Cn%3A%2115690151%2Cn%3A15718271%2Cp_89%3AArmordillo&bbn=2562090011&ie=UTF8&qid=1556691784&rnid=2528832011"
"01-05-2019","Automotive","Car Care","armored auto group sales","1","https://www.amazon.com/s/ref=sr_in_a_p_89_53?fst=as%3Aoff&rh=n%3A2562090011%2Cn%3A%2115690151%2Cn%3A15718271%2Cp_89%3Aarmored+auto+group+sales&bbn=2562090011&ie=UTF8&qid=1556691784&rnid=2528832011"
"01-05-2019","Automotive","Car Care","Armour Car Care","3","https://www.amazon.com/s/ref=sr_in_a_p_89_54?fst=as%3Aoff&rh=n%3A2562090011%2Cn%3A%2115690151%2Cn%3A15718271%2Cp_89%3AArmour+Car+Care&bbn=2562090011&ie=UTF8&qid=1556691784&rnid=2528832011"
"01-05-2019","Automotive","Car Care","Arnold","2","https://www.amazon.com/s/ref=sr_in_a_p_89_55?fst=as%3Aoff&rh=n%3A2562090011%2Cn%3A%2115690151%2Cn%3A15718271%2Cp_89%3AArnold&bbn=2562090011&ie=UTF8&qid=1556691784&rnid=2528832011"
"01-05-2019","Automotive","Car Care","ARP","1","https://www.amazon.com/s/ref=sr_in_a_p_89_56?fst=as%3Aoff&rh=n%3A2562090011%2Cn%3A%2115690151%2Cn%3A15718271%2Cp_89%3AARP&bbn=2562090011&ie=UTF8&qid=1556691784&rnid=2528832011"
"01-05-2019","Automotive","Car Care","Arrow Pneumatics","1","https://www.amazon.com/s/ref=sr_in_a_p_89_57?fst=as%3Aoff&rh=n%3A2562090011%2Cn%3A%2115690151%2Cn%3A15718271%2Cp_89%3AArrow+Pneumatics&bbn=2562090011&ie=UTF8&qid=1556691784&rnid=2528832011"
"01-05-2019","Automotive","Car Care","Arvin Meritor","1","https://www.amazon.com/s/ref=sr_in_a_p_89_58?fst=as%3Aoff&rh=n%3A2562090011%2Cn%3A%2115690151%2Cn%3A15718271%2Cp_89%3AArvin+Meritor&bbn=2562090011&ie=UTF8&qid=1556691784&rnid=2528832011"
"01-05-2019","Automotive","Car Care","Astro Air","5","https://www.amazon.com/s/ref=sr_in_a_p_89_59?fst=as%3Aoff&rh=n%3A2562090011%2Cn%3A%2115690151%2Cn%3A15718271%2Cp_89%3AAstro+Air&bbn=2562090011&ie=UTF8&qid=1556691784&rnid=2528832011"
"01-05-2019","Automotive","Car Care","Astro Pneumatic Tool","24","https://www.amazon.com/s/ref=sr_in_a_p_89_60?fst=as%3Aoff&rh=n%3A2562090011%2Cn%3A%2115690151%2Cn%3A15718271%2Cp_89%3AAstro+Pneumatic+Tool&bbn=2562090011&ie=UTF8&qid=1556691784&rnid=2528832011"
"01-05-2019","Automotive","Car Care","ATD","4","https://www.amazon.com/s/ref=sr_in_a_p_89_61?fst=as%3Aoff&rh=n%3A2562090011%2Cn%3A%2115690151%2Cn%3A15718271%2Cp_89%3AATD&bbn=2562090011&ie=UTF8&qid=1556691784&rnid=2528832011"
"01-05-2019","Automotive","Car Care","ATD Tools","9","https://www.amazon.com/s/ref=sr_in_a_p_89_62?fst=as%3Aoff&rh=n%3A2562090011%2Cn%3A%2115690151%2Cn%3A15718271%2Cp_89%3AATD+Tools&bbn=2562090011&ie=UTF8&qid=1556691784&rnid=2528832011"
"01-05-2019","Automotive","Car Care","ATLAS","4","https://www.amazon.com/s/ref=sr_in_a_p_89_63?fst=as%3Aoff&rh=n%3A2562090011%2Cn%3A%2115690151%2Cn%3A15718271%2Cp_89%3AATLAS&bbn=2562090011&ie=UTF8&qid=1556691784&rnid=2528832011"
"01-05-2019","Automotive","Car Care","Atlas","4","https://www.amazon.com/s/ref=sr_in_a_p_89_64?fst=as%3Aoff&rh=n%3A2562090011%2Cn%3A%2115690151%2Cn%3A15718271%2Cp_89%3AAtlas&bbn=2562090011&ie=UTF8&qid=1556691784&rnid=2528832011"
"01-05-2019","Automotive","Car Care","atliprime","1","https://www.amazon.com/s/ref=sr_in_a_p_89_65?fst=as%3Aoff&rh=n%3A2562090011%2Cn%3A%2115690151%2Cn%3A15718271%2Cp_89%3Aatliprime&bbn=2562090011&ie=UTF8&qid=1556691784&rnid=2528832011"
"01-05-2019","Automotive","Car Care","ATMOMO","7","https://www.amazon.com/s/ref=sr_in_a_p_89_66?fst=as%3Aoff&rh=n%3A2562090011%2Cn%3A%2115690151%2Cn%3A15718271%2Cp_89%3AATMOMO&bbn=2562090011&ie=UTF8&qid=1556691784&rnid=2528832011"
"01-05-2019","Automotive","Car Care","ATOPLEE","1","https://www.amazon.com/s/ref=sr_in_a_p_89_67?fst=as%3Aoff&rh=n%3A2562090011%2Cn%3A%2115690151%2Cn%3A15718271%2Cp_89%3AATOPLEE&bbn=2562090011&ie=UTF8&qid=1556691784&rnid=2528832011"
"01-05-2019","Automotive","Car Care","Audi","26","https://www.amazon.com/s/ref=sr_in_a_p_89_68?fst=as%3Aoff&rh=n%3A2562090011%2Cn%3A%2115690151%2Cn%3A15718271%2Cp_89%3AAudi&bbn=2562090011&ie=UTF8&qid=1556691784&rnid=2528832011"
"01-05-2019","Automotive","Car Care","AUDI","23","https://www.amazon.com/s/ref=sr_in_a_p_89_69?fst=as%3Aoff&rh=n%3A2562090011%2Cn%3A%2115690151%2Cn%3A15718271%2Cp_89%3AAUDI&bbn=2562090011&ie=UTF8&qid=1556691784&rnid=2528832011"
"01-05-2019","Automotive","Car Care","AURELIO TECH","1","https://www.amazon.com/s/ref=sr_in_a_p_89_70?fst=as%3Aoff&rh=n%3A2562090011%2Cn%3A%2115690151%2Cn%3A15718271%2Cp_89%3AAURELIO+TECH&bbn=2562090011&ie=UTF8&qid=1556691784&rnid=2528832011"
"01-05-2019","Automotive","Car Care","Auto Air Colors","1","https://www.amazon.com/s/ref=sr_in_a_p_89_71?fst=as%3Aoff&rh=n%3A2562090011%2Cn%3A%2115690151%2Cn%3A15718271%2Cp_89%3AAuto+Air+Colors&bbn=2562090011&ie=UTF8&qid=1556691784&rnid=2528832011"
"01-05-2019","Automotive","Car Care","Auto Care","5","https://www.amazon.com/s/ref=sr_in_a_p_89_72?fst=as%3Aoff&rh=n%3A2562090011%2Cn%3A%2115690151%2Cn%3A15718271%2Cp_89%3AAuto+Care&bbn=2562090011&ie=UTF8&qid=1556691784&rnid=2528832011"
"01-05-2019","Automotive","Car Care","Auto Expressions","1","https://www.amazon.com/s/ref=sr_in_a_p_89_73?fst=as%3Aoff&rh=n%3A2562090011%2Cn%3A%2115690151%2Cn%3A15718271%2Cp_89%3AAuto+Expressions&bbn=2562090011&ie=UTF8&qid=1556691784&rnid=2528832011"
"01-05-2019","Automotive","Car Care","AUTO KEY MAX","1","https://www.amazon.com/s/ref=sr_in_a_p_89_74?fst=as%3Aoff&rh=n%3A2562090011%2Cn%3A%2115690151%2Cn%3A15718271%2Cp_89%3AAUTO+KEY+MAX&bbn=2562090011&ie=UTF8&qid=1556691784&rnid=2528832011"
"01-05-2019","Automotive","Car Care","Autofiber","17","https://www.amazon.com/s/ref=sr_in_a_p_89_75?fst=as%3Aoff&rh=n%3A2562090011%2Cn%3A%2115690151%2Cn%3A15718271%2Cp_89%3AAutofiber&bbn=2562090011&ie=UTF8&qid=1556691784&rnid=2528832011"
"01-05-2019","Automotive","Car Care","Autoglym","3","https://www.amazon.com/s/ref=sr_in_a_p_89_76?fst=as%3Aoff&rh=n%3A2562090011%2Cn%3A%2115690151%2Cn%3A15718271%2Cp_89%3AAutoglym&bbn=2562090011&ie=UTF8&qid=1556691784&rnid=2528832011"
"01-05-2019","Automotive","Car Care","Automecar","1","https://www.amazon.com/s/ref=sr_in_a_p_89_77?fst=as%3Aoff&rh=n%3A2562090011%2Cn%3A%2115690151%2Cn%3A15718271%2Cp_89%3AAutomecar&bbn=2562090011&ie=UTF8&qid=1556691784&rnid=2528832011"
"01-05-2019","Automotive","Car Care","Automotive Interior Protection","3","https://www.amazon.com/s/ref=sr_in_a_p_89_78?fst=as%3Aoff&rh=n%3A2562090011%2Cn%3A%2115690151%2Cn%3A15718271%2Cp_89%3AAutomotive+Interior+Protection&bbn=2562090011&ie=UTF8&qid=1556691784&rnid=2528832011"
"01-05-2019","Automotive","Car Care","AutoRight","7","https://www.amazon.com/s/ref=sr_in_a_p_89_79?fst=as%3Aoff&rh=n%3A2562090011%2Cn%3A%2115690151%2Cn%3A15718271%2Cp_89%3AAutoRight&bbn=2562090011&ie=UTF8&qid=1556691784&rnid=2528832011"
"01-05-2019","Automotive","Car Care","AutoSpa","11","https://www.amazon.com/s/ref=sr_in_a_p_89_80?fst=as%3Aoff&rh=n%3A2562090011%2Cn%3A%2115690151%2Cn%3A15718271%2Cp_89%3AAutoSpa&bbn=2562090011&ie=UTF8&qid=1556691784&rnid=2528832011"
"01-05-2019","Automotive","Car Care","Autostyle","1","https://www.amazon.com/s/ref=sr_in_a_p_89_81?fst=as%3Aoff&rh=n%3A2562090011%2Cn%3A%2115690151%2Cn%3A15718271%2Cp_89%3AAutostyle&bbn=2562090011&ie=UTF8&qid=1556691784&rnid=2528832011"
"01-05-2019","Automotive","Car Care","AVA Prime","2","https://www.amazon.com/s/ref=sr_in_a_p_89_82?fst=as%3Aoff&rh=n%3A2562090011%2Cn%3A%2115690151%2Cn%3A15718271%2Cp_89%3AAVA+Prime&bbn=2562090011&ie=UTF8&qid=1556691784&rnid=2528832011"
"01-05-2019","Automotive","Car Care","AYAOQIANG","1","https://www.amazon.com/s/ref=sr_in_a_p_89_83?fst=as%3Aoff&rh=n%3A2562090011%2Cn%3A%2115690151%2Cn%3A15718271%2Cp_89%3AAYAOQIANG&bbn=2562090011&ie=UTF8&qid=1556691784&rnid=2528832011"
"01-05-2019","Automotive","Car Care","BAD BOY SALVE SEALS · SHINES · SOFTENS · SECURES","1","https://www.amazon.com/s/ref=sr_in_b_p_89_0?fst=as%3Aoff&rh=n%3A2562090011%2Cn%3A%2115690151%2Cn%3A15718271%2Cp_89%3ABAD+BOY+SALVE+SEALS+%C2%B7+SHINES+%C2%B7+SOFTENS+%C2%B7+SECURES&bbn=2562090011&ie=UTF8&qid=1556691789&rnid=2528832011"
"01-05-2019","Automotive","Car Care","BaiFM","1","https://www.amazon.com/s/ref=sr_in_b_p_89_1?fst=as%3Aoff&rh=n%3A2562090011%2Cn%3A%2115690151%2Cn%3A15718271%2Cp_89%3ABaiFM&bbn=2562090011&ie=UTF8&qid=1556691789&rnid=2528832011"
"01-05-2019","Automotive","Car Care","Baitaihem","1","https://www.amazon.com/s/ref=sr_in_b_p_89_2?fst=as%3Aoff&rh=n%3A2562090011%2Cn%3A%2115690151%2Cn%3A15718271%2Cp_89%3ABaitaihem&bbn=2562090011&ie=UTF8&qid=1556691789&rnid=2528832011"
"01-05-2019","Automotive","Car Care","Baronage","1","https://www.amazon.com/s/ref=sr_in_b_p_89_3?fst=as%3Aoff&rh=n%3A2562090011%2Cn%3A%2115690151%2Cn%3A15718271%2Cp_89%3ABaronage&bbn=2562090011&ie=UTF8&qid=1556691789&rnid=2528832011"
"01-05-2019","Automotive","Car Care","Bayes","1","https://www.amazon.com/s/ref=sr_in_b_p_89_4?fst=as%3Aoff&rh=n%3A2562090011%2Cn%3A%2115690151%2Cn%3A15718271%2Cp_89%3ABayes&bbn=2562090011&ie=UTF8&qid=1556691789&rnid=2528832011"
"01-05-2019","Automotive","Car Care","Beadsmith","1","https://www.amazon.com/s/ref=sr_in_b_p_89_5?fst=as%3Aoff&rh=n%3A2562090011%2Cn%3A%2115690151%2Cn%3A15718271%2Cp_89%3ABeadsmith&bbn=2562090011&ie=UTF8&qid=1556691789&rnid=2528832011"
"01-05-2019","Automotive","Car Care","Bee Natural","1","https://www.amazon.com/s/ref=sr_in_b_p_89_6?fst=as%3Aoff&rh=n%3A2562090011%2Cn%3A%2115690151%2Cn%3A15718271%2Cp_89%3ABee+Natural&bbn=2562090011&ie=UTF8&qid=1556691789&rnid=2528832011"
"01-05-2019","Automotive","Car Care","BELLESIE","2","https://www.amazon.com/s/ref=sr_in_b_p_89_7?fst=as%3Aoff&rh=n%3A2562090011%2Cn%3A%2115690151%2Cn%3A15718271%2Cp_89%3ABELLESIE&bbn=2562090011&ie=UTF8&qid=1556691789&rnid=2528832011"
"01-05-2019","Automotive","Car Care","Benchmark Abrasives","1","https://www.amazon.com/s/ref=sr_in_b_p_89_8?fst=as%3Aoff&rh=n%3A2562090011%2Cn%3A%2115690151%2Cn%3A15718271%2Cp_89%3ABenchmark+Abrasives&bbn=2562090011&ie=UTF8&qid=1556691789&rnid=2528832011"
"01-05-2019","Automotive","Car Care","BENTLEY","1","https://www.amazon.com/s/ref=sr_in_b_p_89_9?fst=as%3Aoff&rh=n%3A2562090011%2Cn%3A%2115690151%2Cn%3A15718271%2Cp_89%3ABENTLEY&bbn=2562090011&ie=UTF8&qid=1556691789&rnid=2528832011"
"01-05-2019","Automotive","Car Care","Best","1","https://www.amazon.com/s/ref=sr_in_b_p_89_10?fst=as%3Aoff&rh=n%3A2562090011%2Cn%3A%2115690151%2Cn%3A15718271%2Cp_89%3ABest&bbn=2562090011&ie=UTF8&qid=1556691789&rnid=2528832011"
"01-05-2019","Automotive","Car Care","Best Way Tools","1","https://www.amazon.com/s/ref=sr_in_b_p_89_11?fst=as%3Aoff&rh=n%3A2562090011%2Cn%3A%2115690151%2Cn%3A15718271%2Cp_89%3ABest+Way+Tools&bbn=2562090011&ie=UTF8&qid=1556691789&rnid=2528832011"
"01-05-2019","Automotive","Car Care","Bestop","4","https://www.amazon.com/s/ref=sr_in_b_p_89_12?fst=as%3Aoff&rh=n%3A2562090011%2Cn%3A%2115690151%2Cn%3A15718271%2Cp_89%3ABestop&bbn=2562090011&ie=UTF8&qid=1556691789&rnid=2528832011"
"01-05-2019","Automotive","Car Care","BestPysanky","1","https://www.amazon.com/s/ref=sr_in_b_p_89_13?fst=as%3Aoff&rh=n%3A2562090011%2Cn%3A%2115690151%2Cn%3A15718271%2Cp_89%3ABestPysanky&bbn=2562090011&ie=UTF8&qid=1556691789&rnid=2528832011"
"01-05-2019","Automotive","Car Care","BESTWIN","2","https://www.amazon.com/s/ref=sr_in_b_p_89_14?fst=as%3Aoff&rh=n%3A2562090011%2Cn%3A%2115690151%2Cn%3A15718271%2Cp_89%3ABESTWIN&bbn=2562090011&ie=UTF8&qid=1556691789&rnid=2528832011"
"01-05-2019","Automotive","Car Care","BETTER STUFF","1","https://www.amazon.com/s/ref=sr_in_b_p_89_15?fst=as%3Aoff&rh=n%3A2562090011%2Cn%3A%2115690151%2Cn%3A15718271%2Cp_89%3ABETTER+STUFF&bbn=2562090011&ie=UTF8&qid=1556691789&rnid=2528832011"
"01-05-2019","Automotive","Car Care","Bickmore","4","https://www.amazon.com/s/ref=sr_in_b_p_89_16?fst=as%3Aoff&rh=n%3A2562090011%2Cn%3A%2115690151%2Cn%3A15718271%2Cp_89%3ABickmore&bbn=2562090011&ie=UTF8&qid=1556691789&rnid=2528832011"
"01-05-2019","Automotive","Car Care","Big Hippo","1","https://www.amazon.com/s/ref=sr_in_b_p_89_17?fst=as%3Aoff&rh=n%3A2562090011%2Cn%3A%2115690151%2Cn%3A15718271%2Cp_89%3ABig+Hippo&bbn=2562090011&ie=UTF8&qid=1556691789&rnid=2528832011"
"01-05-2019","Automotive","Car Care","Big Horn","1","https://www.amazon.com/s/ref=sr_in_b_p_89_18?fst=as%3Aoff&rh=n%3A2562090011%2Cn%3A%2115690151%2Cn%3A15718271%2Cp_89%3ABig+Horn&bbn=2562090011&ie=UTF8&qid=1556691789&rnid=2528832011"
"01-05-2019","Automotive","Car Care","Bike Brite","7","https://www.amazon.com/s/ref=sr_in_b_p_89_19?fst=as%3Aoff&rh=n%3A2562090011%2Cn%3A%2115690151%2Cn%3A15718271%2Cp_89%3ABike+Brite&bbn=2562090011&ie=UTF8&qid=1556691789&rnid=2528832011"
"01-05-2019","Automotive","Car Care","Biokleen","3","https://www.amazon.com/s/ref=sr_in_b_p_89_20?fst=as%3Aoff&rh=n%3A2562090011%2Cn%3A%2115690151%2Cn%3A15718271%2Cp_89%3ABiokleen&bbn=2562090011&ie=UTF8&qid=1556691789&rnid=2528832011"
"01-05-2019","Automotive","Car Care","BirnsGear","1","https://www.amazon.com/s/ref=sr_in_b_p_89_21?fst=as%3Aoff&rh=n%3A2562090011%2Cn%3A%2115690151%2Cn%3A15718271%2Cp_89%3ABirnsGear&bbn=2562090011&ie=UTF8&qid=1556691789&rnid=2528832011"
"01-05-2019","Automotive","Car Care","Bissell","1","https://www.amazon.com/s/ref=sr_in_b_p_89_22?fst=as%3Aoff&rh=n%3A2562090011%2Cn%3A%2115690151%2Cn%3A15718271%2Cp_89%3ABissell&bbn=2562090011&ie=UTF8&qid=1556691789&rnid=2528832011"
"01-05-2019","Automotive","Car Care","Black & Decker","1","https://www.amazon.com/s/ref=sr_in_b_p_89_23?fst=as%3Aoff&rh=n%3A2562090011%2Cn%3A%2115690151%2Cn%3A15718271%2Cp_89%3ABlack+%26+Decker&bbn=2562090011&ie=UTF8&qid=1556691789&rnid=2528832011"
"01-05-2019","Automotive","Car Care","Black Duck Brand","2","https://www.amazon.com/s/ref=sr_in_b_p_89_24?fst=as%3Aoff&rh=n%3A2562090011%2Cn%3A%2115690151%2Cn%3A15718271%2Cp_89%3ABlack+Duck+Brand&bbn=2562090011&ie=UTF8&qid=1556691789&rnid=2528832011"
"01-05-2019","Automotive","Car Care","Black Magic","4","https://www.amazon.com/s/ref=sr_in_b_p_89_25?fst=as%3Aoff&rh=n%3A2562090011%2Cn%3A%2115690151%2Cn%3A15718271%2Cp_89%3ABlack+Magic&bbn=2562090011&ie=UTF8&qid=1556691789&rnid=2528832011"
"01-05-2019","Automotive","Car Care","Black Mamba","1","https://www.amazon.com/s/ref=sr_in_b_p_89_26?fst=as%3Aoff&rh=n%3A2562090011%2Cn%3A%2115690151%2Cn%3A15718271%2Cp_89%3ABlack+Mamba&bbn=2562090011&ie=UTF8&qid=1556691789&rnid=2528832011"
"01-05-2019","Automotive","Car Care","Black Wow","1","https://www.amazon.com/s/ref=sr_in_b_p_89_27?fst=as%3Aoff&rh=n%3A2562090011%2Cn%3A%2115690151%2Cn%3A15718271%2Cp_89%3ABlack+Wow&bbn=2562090011&ie=UTF8&qid=1556691789&rnid=2528832011"
"01-05-2019","Automotive","Car Care","BLACK+DECKER","1","https://www.amazon.com/s/ref=sr_in_b_p_89_28?fst=as%3Aoff&rh=n%3A2562090011%2Cn%3A%2115690151%2Cn%3A15718271%2Cp_89%3ABLACK%2BDECKER&bbn=2562090011&ie=UTF8&qid=1556691789&rnid=2528832011"
"01-05-2019","Automotive","Car Care","Blackfire Pro Detailers Choice","5","https://www.amazon.com/s/ref=sr_in_b_p_89_29?fst=as%3Aoff&rh=n%3A2562090011%2Cn%3A%2115690151%2Cn%3A15718271%2Cp_89%3ABlackfire+Pro+Detailers+Choice&bbn=2562090011&ie=UTF8&qid=1556691789&rnid=2528832011"
"01-05-2019","Automotive","Car Care","Blaster Brush","1","https://www.amazon.com/s/ref=sr_in_b_p_89_30?fst=as%3Aoff&rh=n%3A2562090011%2Cn%3A%2115690151%2Cn%3A15718271%2Cp_89%3ABlaster+Brush&bbn=2562090011&ie=UTF8&qid=1556691789&rnid=2528832011"
"01-05-2019","Automotive","Car Care","Blisstime","1","https://www.amazon.com/s/ref=sr_in_b_p_89_31?fst=as%3Aoff&rh=n%3A2562090011%2Cn%3A%2115690151%2Cn%3A15718271%2Cp_89%3ABlisstime&bbn=2562090011&ie=UTF8&qid=1556691789&rnid=2528832011"
"01-05-2019","Automotive","Car Care","BlizeTec","1","https://www.amazon.com/s/ref=sr_in_b_p_89_32?fst=as%3Aoff&rh=n%3A2562090011%2Cn%3A%2115690151%2Cn%3A15718271%2Cp_89%3ABlizeTec&bbn=2562090011&ie=UTF8&qid=1556691789&rnid=2528832011"
"01-05-2019","Automotive","Car Care","Blue Coral","1","https://www.amazon.com/s/ref=sr_in_b_p_89_33?fst=as%3Aoff&rh=n%3A2562090011%2Cn%3A%2115690151%2Cn%3A15718271%2Cp_89%3ABlue+Coral&bbn=2562090011&ie=UTF8&qid=1556691789&rnid=2528832011"
"01-05-2019","Automotive","Car Care","Blue Magic","9","https://www.amazon.com/s/ref=sr_in_b_p_89_34?fst=as%3Aoff&rh=n%3A2562090011%2Cn%3A%2115690151%2Cn%3A15718271%2Cp_89%3ABlue+Magic&bbn=2562090011&ie=UTF8&qid=1556691789&rnid=2528832011"
"01-05-2019","Automotive","Car Care","Blue-Job","1","https://www.amazon.com/s/ref=sr_in_b_p_89_35?fst=as%3Aoff&rh=n%3A2562090011%2Cn%3A%2115690151%2Cn%3A15718271%2Cp_89%3ABlue-Job&bbn=2562090011&ie=UTF8&qid=1556691789&rnid=2528832011"
"01-05-2019","Automotive","Car Care","BlueCare Automotive","2","https://www.amazon.com/s/ref=sr_in_b_p_89_36?fst=as%3Aoff&rh=n%3A2562090011%2Cn%3A%2115690151%2Cn%3A15718271%2Cp_89%3ABlueCare+Automotive&bbn=2562090011&ie=UTF8&qid=1556691789&rnid=2528832011"
"01-05-2019","Automotive","Car Care","BMC Air Filter","1","https://www.amazon.com/s/ref=sr_in_b_p_89_37?fst=as%3Aoff&rh=n%3A2562090011%2Cn%3A%2115690151%2Cn%3A15718271%2Cp_89%3ABMC+Air+Filter&bbn=2562090011&ie=UTF8&qid=1556691789&rnid=2528832011"
"01-05-2019","Automotive","Car Care","BMW","1","https://www.amazon.com/s/ref=sr_in_b_p_89_38?fst=as%3Aoff&rh=n%3A2562090011%2Cn%3A%2115690151%2Cn%3A15718271%2Cp_89%3ABMW&bbn=2562090011&ie=UTF8&qid=1556691789&rnid=2528832011"
"01-05-2019","Automotive","Car Care","Boat Bling","1","https://www.amazon.com/s/ref=sr_in_b_p_89_39?fst=as%3Aoff&rh=n%3A2562090011%2Cn%3A%2115690151%2Cn%3A15718271%2Cp_89%3ABoat+Bling&bbn=2562090011&ie=UTF8&qid=1556691789&rnid=2528832011"
"01-05-2019","Automotive","Car Care","Bohning Co Ltd","1","https://www.amazon.com/s/ref=sr_in_b_p_89_40?fst=as%3Aoff&rh=n%3A2562090011%2Cn%3A%2115690151%2Cn%3A15718271%2Cp_89%3ABohning+Co+Ltd&bbn=2562090011&ie=UTF8&qid=1556691789&rnid=2528832011"
"01-05-2019","Automotive","Car Care","BON","1","https://www.amazon.com/s/ref=sr_in_b_p_89_41?fst=as%3Aoff&rh=n%3A2562090011%2Cn%3A%2115690151%2Cn%3A15718271%2Cp_89%3ABON&bbn=2562090011&ie=UTF8&qid=1556691789&rnid=2528832011"
"01-05-2019","Automotive","Car Care","Bon-Aire","1","https://www.amazon.com/s/ref=sr_in_b_p_89_42?fst=as%3Aoff&rh=n%3A2562090011%2Cn%3A%2115690151%2Cn%3A15718271%2Cp_89%3ABon-Aire&bbn=2562090011&ie=UTF8&qid=1556691789&rnid=2528832011"
"01-05-2019","Automotive","Car Care","Bosch (BFAM9)","1","https://www.amazon.com/s/ref=sr_in_b_p_89_43?fst=as%3Aoff&rh=n%3A2562090011%2Cn%3A%2115690151%2Cn%3A15718271%2Cp_89%3ABosch+%28BFAM9%29&bbn=2562090011&ie=UTF8&qid=1556691789&rnid=2528832011"
"01-05-2019","Automotive","Car Care","Bosoner","2","https://www.amazon.com/s/ref=sr_in_b_p_89_44?fst=as%3Aoff&rh=n%3A2562090011%2Cn%3A%2115690151%2Cn%3A15718271%2Cp_89%3ABosoner&bbn=2562090011&ie=UTF8&qid=1556691789&rnid=2528832011"
"01-05-2019","Automotive","Car Care","BrandX","3","https://www.amazon.com/s/ref=sr_in_b_p_89_45?fst=as%3Aoff&rh=n%3A2562090011%2Cn%3A%2115690151%2Cn%3A15718271%2Cp_89%3ABrandX&bbn=2562090011&ie=UTF8&qid=1556691789&rnid=2528832011"
"01-05-2019","Automotive","Car Care","Braun","1","https://www.amazon.com/s/ref=sr_in_b_p_89_46?fst=as%3Aoff&rh=n%3A2562090011%2Cn%3A%2115690151%2Cn%3A15718271%2Cp_89%3ABraun&bbn=2562090011&ie=UTF8&qid=1556691789&rnid=2528832011"
"01-05-2019","Automotive","Car Care","Broutech","1","https://www.amazon.com/s/ref=sr_in_b_p_89_47?fst=as%3Aoff&rh=n%3A2562090011%2Cn%3A%2115690151%2Cn%3A15718271%2Cp_89%3ABroutech&bbn=2562090011&ie=UTF8&qid=1556691789&rnid=2528832011"
"01-05-2019","Automotive","Car Care","Brush Hero","6","https://www.amazon.com/s/ref=sr_in_b_p_89_48?fst=as%3Aoff&rh=n%3A2562090011%2Cn%3A%2115690151%2Cn%3A15718271%2Cp_89%3ABrush+Hero&bbn=2562090011&ie=UTF8&qid=1556691789&rnid=2528832011"
"01-05-2019","Automotive","Car Care","Brushtech","2","https://www.amazon.com/s/ref=sr_in_b_p_89_49?fst=as%3Aoff&rh=n%3A2562090011%2Cn%3A%2115690151%2Cn%3A15718271%2Cp_89%3ABrushtech&bbn=2562090011&ie=UTF8&qid=1556691789&rnid=2528832011"
"01-05-2019","Automotive","Car Care","Bruske","1","https://www.amazon.com/s/ref=sr_in_b_p_89_50?fst=as%3Aoff&rh=n%3A2562090011%2Cn%3A%2115690151%2Cn%3A15718271%2Cp_89%3ABruske&bbn=2562090011&ie=UTF8&qid=1556691789&rnid=2528832011"
"01-05-2019","Automotive","Car Care","Buff","1","https://www.amazon.com/s/ref=sr_in_b_p_89_51?fst=as%3Aoff&rh=n%3A2562090011%2Cn%3A%2115690151%2Cn%3A15718271%2Cp_89%3ABuff&bbn=2562090011&ie=UTF8&qid=1556691789&rnid=2528832011"
"01-05-2019","Automotive","Car Care","Buff and Shine","1","https://www.amazon.com/s/ref=sr_in_b_p_89_52?fst=as%3Aoff&rh=n%3A2562090011%2Cn%3A%2115690151%2Cn%3A15718271%2Cp_89%3ABuff+and+Shine&bbn=2562090011&ie=UTF8&qid=1556691789&rnid=2528832011"
"01-05-2019","Automotive","Car Care","Buffalo Industries","13","https://www.amazon.com/s/ref=sr_in_b_p_89_53?fst=as%3Aoff&rh=n%3A2562090011%2Cn%3A%2115690151%2Cn%3A15718271%2Cp_89%3ABuffalo+Industries&bbn=2562090011&ie=UTF8&qid=1556691789&rnid=2528832011"
"01-05-2019","Automotive","Car Care","Buffalo Tools","1","https://www.amazon.com/s/ref=sr_in_b_p_89_54?fst=as%3Aoff&rh=n%3A2562090011%2Cn%3A%2115690151%2Cn%3A15718271%2Cp_89%3ABuffalo+Tools&bbn=2562090011&ie=UTF8&qid=1556691789&rnid=2528832011"
"01-05-2019","Automotive","Car Care","BugSlide","1","https://www.amazon.com/s/ref=sr_in_b_p_89_55?fst=as%3Aoff&rh=n%3A2562090011%2Cn%3A%2115690151%2Cn%3A15718271%2Cp_89%3ABugSlide&bbn=2562090011&ie=UTF8&qid=1556691789&rnid=2528832011"
"01-05-2019","Automotive","Car Care","bulk buys","1","https://www.amazon.com/s/ref=sr_in_b_p_89_56?fst=as%3Aoff&rh=n%3A2562090011%2Cn%3A%2115690151%2Cn%3A15718271%2Cp_89%3Abulk+buys&bbn=2562090011&ie=UTF8&qid=1556691789&rnid=2528832011"
"01-05-2019","Automotive","Car Care","BullFrog","1","https://www.amazon.com/s/ref=sr_in_b_p_89_57?fst=as%3Aoff&rh=n%3A2562090011%2Cn%3A%2115690151%2Cn%3A15718271%2Cp_89%3ABullFrog&bbn=2562090011&ie=UTF8&qid=1556691789&rnid=2528832011"
"01-05-2019","Automotive","Car Care","Buydecorativefilm","1","https://www.amazon.com/s/ref=sr_in_b_p_89_58?fst=as%3Aoff&rh=n%3A2562090011%2Cn%3A%2115690151%2Cn%3A15718271%2Cp_89%3ABuydecorativefilm&bbn=2562090011&ie=UTF8&qid=1556691789&rnid=2528832011"
"01-05-2019","Automotive","Car Care","Cadillac","2","https://www.amazon.com/s/ref=sr_in_c_p_89_0?fst=as%3Aoff&rh=n%3A2562090011%2Cn%3A%2115690151%2Cn%3A15718271%2Cp_89%3ACadillac&bbn=2562090011&ie=UTF8&qid=1556691794&rnid=2528832011"
"01-05-2019","Automotive","Car Care","Cafele","1","https://www.amazon.com/s/ref=sr_in_c_p_89_1?fst=as%3Aoff&rh=n%3A2562090011%2Cn%3A%2115690151%2Cn%3A15718271%2Cp_89%3ACafele&bbn=2562090011&ie=UTF8&qid=1556691794&rnid=2528832011"
"01-05-2019","Automotive","Car Care","Cal Hawk Tools","1","https://www.amazon.com/s/ref=sr_in_c_p_89_2?fst=as%3Aoff&rh=n%3A2562090011%2Cn%3A%2115690151%2Cn%3A15718271%2Cp_89%3ACal+Hawk+Tools&bbn=2562090011&ie=UTF8&qid=1556691794&rnid=2528832011"
"01-05-2019","Automotive","Car Care","California Car Duster","12","https://www.amazon.com/s/ref=sr_in_c_p_89_3?fst=as%3Aoff&rh=n%3A2562090011%2Cn%3A%2115690151%2Cn%3A15718271%2Cp_89%3ACalifornia+Car+Duster&bbn=2562090011&ie=UTF8&qid=1556691794&rnid=2528832011"
"01-05-2019","Automotive","Car Care","Camco","7","https://www.amazon.com/s/ref=sr_in_c_p_89_4?fst=as%3Aoff&rh=n%3A2562090011%2Cn%3A%2115690151%2Cn%3A15718271%2Cp_89%3ACamco&bbn=2562090011&ie=UTF8&qid=1556691794&rnid=2528832011"
"01-05-2019","Automotive","Car Care","candlemakers","1","https://www.amazon.com/s/ref=sr_in_c_p_89_5?fst=as%3Aoff&rh=n%3A2562090011%2Cn%3A%2115690151%2Cn%3A15718271%2Cp_89%3Acandlemakers&bbn=2562090011&ie=UTF8&qid=1556691794&rnid=2528832011"
"01-05-2019","Automotive","Car Care","CANOPUS","2","https://www.amazon.com/s/ref=sr_in_c_p_89_6?fst=as%3Aoff&rh=n%3A2562090011%2Cn%3A%2115690151%2Cn%3A15718271%2Cp_89%3ACANOPUS&bbn=2562090011&ie=UTF8&qid=1556691794&rnid=2528832011"
"01-05-2019","Automotive","Car Care","Cape Cod Polish","1","https://www.amazon.com/s/ref=sr_in_c_p_89_7?fst=as%3Aoff&rh=n%3A2562090011%2Cn%3A%2115690151%2Cn%3A15718271%2Cp_89%3ACape+Cod+Polish&bbn=2562090011&ie=UTF8&qid=1556691794&rnid=2528832011"
"01-05-2019","Automotive","Car Care","Car Protection Pros","1","https://www.amazon.com/s/ref=sr_in_c_p_89_8?fst=as%3Aoff&rh=n%3A2562090011%2Cn%3A%2115690151%2Cn%3A15718271%2Cp_89%3ACar+Protection+Pros&bbn=2562090011&ie=UTF8&qid=1556691794&rnid=2528832011"
"01-05-2019","Automotive","Car Care","CARCAREZ","17","https://www.amazon.com/s/ref=sr_in_c_p_89_9?fst=as%3Aoff&rh=n%3A2562090011%2Cn%3A%2115690151%2Cn%3A15718271%2Cp_89%3ACARCAREZ&bbn=2562090011&ie=UTF8&qid=1556691794&rnid=2528832011"
"01-05-2019","Automotive","Car Care","CAREMO","2","https://www.amazon.com/s/ref=sr_in_c_p_89_10?fst=as%3Aoff&rh=n%3A2562090011%2Cn%3A%2115690151%2Cn%3A15718271%2Cp_89%3ACAREMO&bbn=2562090011&ie=UTF8&qid=1556691794&rnid=2528832011"
"01-05-2019","Automotive","Car Care","Careware","1","https://www.amazon.com/s/ref=sr_in_c_p_89_11?fst=as%3Aoff&rh=n%3A2562090011%2Cn%3A%2115690151%2Cn%3A15718271%2Cp_89%3ACareware&bbn=2562090011&ie=UTF8&qid=1556691794&rnid=2528832011"
"01-05-2019","Automotive","Car Care","CarGuys","2","https://www.amazon.com/s/ref=sr_in_c_p_89_12?fst=as%3Aoff&rh=n%3A2562090011%2Cn%3A%2115690151%2Cn%3A15718271%2Cp_89%3ACarGuys&bbn=2562090011&ie=UTF8&qid=1556691794&rnid=2528832011"
"01-05-2019","Automotive","Car Care","Carlisle","3","https://www.amazon.com/s/ref=sr_in_c_p_89_13?fst=as%3Aoff&rh=n%3A2562090011%2Cn%3A%2115690151%2Cn%3A15718271%2Cp_89%3ACarlisle&bbn=2562090011&ie=UTF8&qid=1556691794&rnid=2528832011"
"01-05-2019","Automotive","Car Care","Carperipher","1","https://www.amazon.com/s/ref=sr_in_c_p_89_14?fst=as%3Aoff&rh=n%3A2562090011%2Cn%3A%2115690151%2Cn%3A15718271%2Cp_89%3ACarperipher&bbn=2562090011&ie=UTF8&qid=1556691794&rnid=2528832011"
"01-05-2019","Automotive","Car Care","CarPro","19","https://www.amazon.com/s/ref=sr_in_c_p_89_15?fst=as%3Aoff&rh=n%3A2562090011%2Cn%3A%2115690151%2Cn%3A15718271%2Cp_89%3ACarPro&bbn=2562090011&ie=UTF8&qid=1556691794&rnid=2528832011"
"01-05-2019","Automotive","Car Care","Carrand","135","https://www.amazon.com/s/ref=sr_in_c_p_89_16?fst=as%3Aoff&rh=n%3A2562090011%2Cn%3A%2115690151%2Cn%3A15718271%2Cp_89%3ACarrand&bbn=2562090011&ie=UTF8&qid=1556691794&rnid=2528832011"
"01-05-2019","Automotive","Car Care","CARTMAN","2","https://www.amazon.com/s/ref=sr_in_c_p_89_17?fst=as%3Aoff&rh=n%3A2562090011%2Cn%3A%2115690151%2Cn%3A15718271%2Cp_89%3ACARTMAN&bbn=2562090011&ie=UTF8&qid=1556691794&rnid=2528832011"
"01-05-2019","Automotive","Car Care","casaverde","1","https://www.amazon.com/s/ref=sr_in_c_p_89_18?fst=as%3Aoff&rh=n%3A2562090011%2Cn%3A%2115690151%2Cn%3A15718271%2Cp_89%3Acasaverde&bbn=2562090011&ie=UTF8&qid=1556691794&rnid=2528832011"
"01-05-2019","Automotive","Car Care","Century Drill & Tool","1","https://www.amazon.com/s/ref=sr_in_c_p_89_19?fst=as%3Aoff&rh=n%3A2562090011%2Cn%3A%2115690151%2Cn%3A15718271%2Cp_89%3ACentury+Drill+%26+Tool&bbn=2562090011&ie=UTF8&qid=1556691794&rnid=2528832011"
"01-05-2019","Automotive","Car Care","CERRXIAN","1","https://www.amazon.com/s/ref=sr_in_c_p_89_20?fst=as%3Aoff&rh=n%3A2562090011%2Cn%3A%2115690151%2Cn%3A15718271%2Cp_89%3ACERRXIAN&bbn=2562090011&ie=UTF8&qid=1556691794&rnid=2528832011"
"01-05-2019","Automotive","Car Care","Chadwick's Triple Play","1","https://www.amazon.com/s/ref=sr_in_c_p_89_21?fst=as%3Aoff&rh=n%3A2562090011%2Cn%3A%2115690151%2Cn%3A15718271%2Cp_89%3AChadwick%27s+Triple+Play&bbn=2562090011&ie=UTF8&qid=1556691794&rnid=2528832011"
"01-05-2019","Automotive","Car Care","Chamberlain's Leather Milk","11","https://www.amazon.com/s/ref=sr_in_c_p_89_22?fst=as%3Aoff&rh=n%3A2562090011%2Cn%3A%2115690151%2Cn%3A15718271%2Cp_89%3AChamberlain%27s+Leather+Milk&bbn=2562090011&ie=UTF8&qid=1556691794&rnid=2528832011"
"01-05-2019","Automotive","Car Care","Champion Chamois","1","https://www.amazon.com/s/ref=sr_in_c_p_89_23?fst=as%3Aoff&rh=n%3A2562090011%2Cn%3A%2115690151%2Cn%3A15718271%2Cp_89%3AChampion+Chamois&bbn=2562090011&ie=UTF8&qid=1556691794&rnid=2528832011"
"01-05-2019","Automotive","Car Care","Chemical Guys","135","https://www.amazon.com/s/ref=sr_in_c_p_89_24?fst=as%3Aoff&rh=n%3A2562090011%2Cn%3A%2115690151%2Cn%3A15718271%2Cp_89%3AChemical+Guys&bbn=2562090011&ie=UTF8&qid=1556691794&rnid=2528832011"
"01-05-2019","Automotive","Car Care","CHERRYHILL","1","https://www.amazon.com/s/ref=sr_in_c_p_89_25?fst=as%3Aoff&rh=n%3A2562090011%2Cn%3A%2115690151%2Cn%3A15718271%2Cp_89%3ACHERRYHILL&bbn=2562090011&ie=UTF8&qid=1556691794&rnid=2528832011"
"01-05-2019","Automotive","Car Care","Chicago","3","https://www.amazon.com/s/ref=sr_in_c_p_89_26?fst=as%3Aoff&rh=n%3A2562090011%2Cn%3A%2115690151%2Cn%3A15718271%2Cp_89%3AChicago&bbn=2562090011&ie=UTF8&qid=1556691794&rnid=2528832011"
"01-05-2019","Automotive","Car Care","Chicago Pneumatic","3","https://www.amazon.com/s/ref=sr_in_c_p_89_27?fst=as%3Aoff&rh=n%3A2562090011%2Cn%3A%2115690151%2Cn%3A15718271%2Cp_89%3AChicago+Pneumatic&bbn=2562090011&ie=UTF8&qid=1556691794&rnid=2528832011"
"01-05-2019","Automotive","Car Care","Chicago Power Tools","1","https://www.amazon.com/s/ref=sr_in_c_p_89_28?fst=as%3Aoff&rh=n%3A2562090011%2Cn%3A%2115690151%2Cn%3A15718271%2Cp_89%3AChicago+Power+Tools&bbn=2562090011&ie=UTF8&qid=1556691794&rnid=2528832011"
"01-05-2019","Automotive","Car Care","choolo","1","https://www.amazon.com/s/ref=sr_in_c_p_89_29?fst=as%3Aoff&rh=n%3A2562090011%2Cn%3A%2115690151%2Cn%3A15718271%2Cp_89%3Achoolo&bbn=2562090011&ie=UTF8&qid=1556691794&rnid=2528832011"
"01-05-2019","Automotive","Car Care","Chrysler","15","https://www.amazon.com/s/ref=sr_in_c_p_89_30?fst=as%3Aoff&rh=n%3A2562090011%2Cn%3A%2115690151%2Cn%3A15718271%2Cp_89%3AChrysler&bbn=2562090011&ie=UTF8&qid=1556691794&rnid=2528832011"
"01-05-2019","Automotive","Car Care","CJ Industries","1","https://www.amazon.com/s/ref=sr_in_c_p_89_31?fst=as%3Aoff&rh=n%3A2562090011%2Cn%3A%2115690151%2Cn%3A15718271%2Cp_89%3ACJ+Industries&bbn=2562090011&ie=UTF8&qid=1556691794&rnid=2528832011"
"01-05-2019","Automotive","Car Care","Clay Magic","1","https://www.amazon.com/s/ref=sr_in_c_p_89_32?fst=as%3Aoff&rh=n%3A2562090011%2Cn%3A%2115690151%2Cn%3A15718271%2Cp_89%3AClay+Magic&bbn=2562090011&ie=UTF8&qid=1556691794&rnid=2528832011"
"01-05-2019","Automotive","Car Care","Clean Rite/Blazer International","1","https://www.amazon.com/s/ref=sr_in_c_p_89_33?fst=as%3Aoff&rh=n%3A2562090011%2Cn%3A%2115690151%2Cn%3A15718271%2Cp_89%3AClean+Rite%2FBlazer+International&bbn=2562090011&ie=UTF8&qid=1556691794&rnid=2528832011"
"01-05-2019","Automotive","Car Care","Clean-Rite","1","https://www.amazon.com/s/ref=sr_in_c_p_89_34?fst=as%3Aoff&rh=n%3A2562090011%2Cn%3A%2115690151%2Cn%3A15718271%2Cp_89%3AClean-Rite&bbn=2562090011&ie=UTF8&qid=1556691794&rnid=2528832011"
"01-05-2019","Automotive","Car Care","CleanAide","1","https://www.amazon.com/s/ref=sr_in_c_p_89_35?fst=as%3Aoff&rh=n%3A2562090011%2Cn%3A%2115690151%2Cn%3A15718271%2Cp_89%3ACleanAide&bbn=2562090011&ie=UTF8&qid=1556691794&rnid=2528832011"
"01-05-2019","Automotive","Car Care","Cleaning Solutions","3","https://www.amazon.com/s/ref=sr_in_c_p_89_36?fst=as%3Aoff&rh=n%3A2562090011%2Cn%3A%2115690151%2Cn%3A15718271%2Cp_89%3ACleaning+Solutions&bbn=2562090011&ie=UTF8&qid=1556691794&rnid=2528832011"
"01-05-2019","Automotive","Car Care","CleanTools","7","https://www.amazon.com/s/ref=sr_in_c_p_89_37?fst=as%3Aoff&rh=n%3A2562090011%2Cn%3A%2115690151%2Cn%3A15718271%2Cp_89%3ACleanTools&bbn=2562090011&ie=UTF8&qid=1556691794&rnid=2528832011"
"01-05-2019","Automotive","Car Care","Clear Defender","8","https://www.amazon.com/s/ref=sr_in_c_p_89_38?fst=as%3Aoff&rh=n%3A2562090011%2Cn%3A%2115690151%2Cn%3A15718271%2Cp_89%3AClear+Defender&bbn=2562090011&ie=UTF8&qid=1556691794&rnid=2528832011"
"01-05-2019","Automotive","Car Care","Clear Kleen","1","https://www.amazon.com/s/ref=sr_in_c_p_89_39?fst=as%3Aoff&rh=n%3A2562090011%2Cn%3A%2115690151%2Cn%3A15718271%2Cp_89%3AClear+Kleen&bbn=2562090011&ie=UTF8&qid=1556691794&rnid=2528832011"
"01-05-2019","Automotive","Car Care","cnomg","1","https://www.amazon.com/s/ref=sr_in_c_p_89_40?fst=as%3Aoff&rh=n%3A2562090011%2Cn%3A%2115690151%2Cn%3A15718271%2Cp_89%3Acnomg&bbn=2562090011&ie=UTF8&qid=1556691794&rnid=2528832011"
"01-05-2019","Automotive","Car Care","COACH","1","https://www.amazon.com/s/ref=sr_in_c_p_89_41?fst=as%3Aoff&rh=n%3A2562090011%2Cn%3A%2115690151%2Cn%3A15718271%2Cp_89%3ACOACH&bbn=2562090011&ie=UTF8&qid=1556691794&rnid=2528832011"
"01-05-2019","Automotive","Car Care","Coavas","1","https://www.amazon.com/s/ref=sr_in_c_p_89_42?fst=as%3Aoff&rh=n%3A2562090011%2Cn%3A%2115690151%2Cn%3A15718271%2Cp_89%3ACoavas&bbn=2562090011&ie=UTF8&qid=1556691794&rnid=2528832011"
"01-05-2019","Automotive","Car Care","Cobbs","1","https://www.amazon.com/s/ref=sr_in_c_p_89_43?fst=as%3Aoff&rh=n%3A2562090011%2Cn%3A%2115690151%2Cn%3A15718271%2Cp_89%3ACobbs&bbn=2562090011&ie=UTF8&qid=1556691794&rnid=2528832011"
"01-05-2019","Automotive","Car Care","Cobra","1","https://www.amazon.com/s/ref=sr_in_c_p_89_44?fst=as%3Aoff&rh=n%3A2562090011%2Cn%3A%2115690151%2Cn%3A15718271%2Cp_89%3ACobra&bbn=2562090011&ie=UTF8&qid=1556691794&rnid=2528832011"
"01-05-2019","Automotive","Car Care","Coceca","1","https://www.amazon.com/s/ref=sr_in_c_p_89_45?fst=as%3Aoff&rh=n%3A2562090011%2Cn%3A%2115690151%2Cn%3A15718271%2Cp_89%3ACoceca&bbn=2562090011&ie=UTF8&qid=1556691794&rnid=2528832011"
"01-05-2019","Automotive","Car Care","COCODE","4","https://www.amazon.com/s/ref=sr_in_c_p_89_46?fst=as%3Aoff&rh=n%3A2562090011%2Cn%3A%2115690151%2Cn%3A15718271%2Cp_89%3ACOCODE&bbn=2562090011&ie=UTF8&qid=1556691794&rnid=2528832011"
"01-05-2019","Automotive","Car Care","Coconix","1","https://www.amazon.com/s/ref=sr_in_c_p_89_47?fst=as%3Aoff&rh=n%3A2562090011%2Cn%3A%2115690151%2Cn%3A15718271%2Cp_89%3ACoconix&bbn=2562090011&ie=UTF8&qid=1556691794&rnid=2528832011"
"01-05-2019","Automotive","Car Care","Collinite","8","https://www.amazon.com/s/ref=sr_in_c_p_89_48?fst=as%3Aoff&rh=n%3A2562090011%2Cn%3A%2115690151%2Cn%3A15718271%2Cp_89%3ACollinite&bbn=2562090011&ie=UTF8&qid=1556691794&rnid=2528832011"
"01-05-2019","Automotive","Car Care","CONDOR","1","https://www.amazon.com/s/ref=sr_in_c_p_89_49?fst=as%3Aoff&rh=n%3A2562090011%2Cn%3A%2115690151%2Cn%3A15718271%2Cp_89%3ACONDOR&bbn=2562090011&ie=UTF8&qid=1556691794&rnid=2528832011"
"01-05-2019","Automotive","Car Care","Cool Shirt","1","https://www.amazon.com/s/ref=sr_in_c_p_89_50?fst=as%3Aoff&rh=n%3A2562090011%2Cn%3A%2115690151%2Cn%3A15718271%2Cp_89%3ACool+Shirt&bbn=2562090011&ie=UTF8&qid=1556691794&rnid=2528832011"
"01-05-2019","Automotive","Car Care","Cornucopia Brands","1","https://www.amazon.com/s/ref=sr_in_c_p_89_51?fst=as%3Aoff&rh=n%3A2562090011%2Cn%3A%2115690151%2Cn%3A15718271%2Cp_89%3ACornucopia+Brands&bbn=2562090011&ie=UTF8&qid=1556691794&rnid=2528832011"
"01-05-2019","Automotive","Car Care","CR Laurence","1","https://www.amazon.com/s/ref=sr_in_c_p_89_52?fst=as%3Aoff&rh=n%3A2562090011%2Cn%3A%2115690151%2Cn%3A15718271%2Cp_89%3ACR+Laurence&bbn=2562090011&ie=UTF8&qid=1556691794&rnid=2528832011"
"01-05-2019","Automotive","Car Care","Craftsman","1","https://www.amazon.com/s/ref=sr_in_c_p_89_53?fst=as%3Aoff&rh=n%3A2562090011%2Cn%3A%2115690151%2Cn%3A15718271%2Cp_89%3ACraftsman&bbn=2562090011&ie=UTF8&qid=1556691794&rnid=2528832011"
"01-05-2019","Automotive","Car Care","CRC","6","https://www.amazon.com/s/ref=sr_in_c_p_89_54?fst=as%3Aoff&rh=n%3A2562090011%2Cn%3A%2115690151%2Cn%3A15718271%2Cp_89%3ACRC&bbn=2562090011&ie=UTF8&qid=1556691794&rnid=2528832011"
"01-05-2019","Automotive","Car Care","Creativity Street","1","https://www.amazon.com/s/ref=sr_in_c_p_89_55?fst=as%3Aoff&rh=n%3A2562090011%2Cn%3A%2115690151%2Cn%3A15718271%2Cp_89%3ACreativity+Street&bbn=2562090011&ie=UTF8&qid=1556691794&rnid=2528832011"
"01-05-2019","Automotive","Car Care","Cretee","1","https://www.amazon.com/s/ref=sr_in_c_p_89_56?fst=as%3Aoff&rh=n%3A2562090011%2Cn%3A%2115690151%2Cn%3A15718271%2Cp_89%3ACretee&bbn=2562090011&ie=UTF8&qid=1556691794&rnid=2528832011"
"01-05-2019","Automotive","Car Care","CTA Tools","1","https://www.amazon.com/s/ref=sr_in_c_p_89_57?fst=as%3Aoff&rh=n%3A2562090011%2Cn%3A%2115690151%2Cn%3A15718271%2Cp_89%3ACTA+Tools&bbn=2562090011&ie=UTF8&qid=1556691794&rnid=2528832011"
"01-05-2019","Automotive","Car Care","Cubitron","6","https://www.amazon.com/s/ref=sr_in_c_p_89_58?fst=as%3Aoff&rh=n%3A2562090011%2Cn%3A%2115690151%2Cn%3A15718271%2Cp_89%3ACubitron&bbn=2562090011&ie=UTF8&qid=1556691794&rnid=2528832011"
"01-05-2019","Automotive","Car Care","CultinBox","1","https://www.amazon.com/s/ref=sr_in_c_p_89_59?fst=as%3Aoff&rh=n%3A2562090011%2Cn%3A%2115690151%2Cn%3A15718271%2Cp_89%3ACultinBox&bbn=2562090011&ie=UTF8&qid=1556691794&rnid=2528832011"
"01-05-2019","Automotive","Car Care","Custom Accessories","1","https://www.amazon.com/s/ref=sr_in_c_p_89_60?fst=as%3Aoff&rh=n%3A2562090011%2Cn%3A%2115690151%2Cn%3A15718271%2Cp_89%3ACustom+Accessories&bbn=2562090011&ie=UTF8&qid=1556691794&rnid=2528832011"
"01-05-2019","Automotive","Car Care","Custom Shop","1","https://www.amazon.com/s/ref=sr_in_c_p_89_61?fst=as%3Aoff&rh=n%3A2562090011%2Cn%3A%2115690151%2Cn%3A15718271%2Cp_89%3ACustom+Shop&bbn=2562090011&ie=UTF8&qid=1556691794&rnid=2528832011"
"01-05-2019","Automotive","Car Care","Cutequeen","1","https://www.amazon.com/s/ref=sr_in_c_p_89_62?fst=as%3Aoff&rh=n%3A2562090011%2Cn%3A%2115690151%2Cn%3A15718271%2Cp_89%3ACutequeen&bbn=2562090011&ie=UTF8&qid=1556691794&rnid=2528832011"
"01-05-2019","Automotive","Car Care","Cycle Armor","1","https://www.amazon.com/s/ref=sr_in_c_p_89_63?fst=as%3Aoff&rh=n%3A2562090011%2Cn%3A%2115690151%2Cn%3A15718271%2Cp_89%3ACycle+Armor&bbn=2562090011&ie=UTF8&qid=1556691794&rnid=2528832011"
"01-05-2019","Automotive","Car Care","Cyclo","3","https://www.amazon.com/s/ref=sr_in_c_p_89_64?fst=as%3Aoff&rh=n%3A2562090011%2Cn%3A%2115690151%2Cn%3A15718271%2Cp_89%3ACyclo&bbn=2562090011&ie=UTF8&qid=1556691794&rnid=2528832011"
"01-05-2019","Automotive","Car Care","Cyclo Toolmakers","1","https://www.amazon.com/s/ref=sr_in_c_p_89_65?fst=as%3Aoff&rh=n%3A2562090011%2Cn%3A%2115690151%2Cn%3A15718271%2Cp_89%3ACyclo+Toolmakers&bbn=2562090011&ie=UTF8&qid=1556691794&rnid=2528832011"
"01-05-2019","Automotive","Car Care","DaChan","1","https://www.amazon.com/s/ref=sr_in_d_p_89_0?fst=as%3Aoff&rh=n%3A2562090011%2Cn%3A%2115690151%2Cn%3A15718271%2Cp_89%3ADaChan&bbn=2562090011&ie=UTF8&qid=1556691799&rnid=2528832011"
"01-05-2019","Automotive","Car Care","DAMO","1","https://www.amazon.com/s/ref=sr_in_d_p_89_1?fst=as%3Aoff&rh=n%3A2562090011%2Cn%3A%2115690151%2Cn%3A15718271%2Cp_89%3ADAMO&bbn=2562090011&ie=UTF8&qid=1556691799&rnid=2528832011"
"01-05-2019","Automotive","Car Care","DAP","2","https://www.amazon.com/s/ref=sr_in_d_p_89_2?fst=as%3Aoff&rh=n%3A2562090011%2Cn%3A%2115690151%2Cn%3A15718271%2Cp_89%3ADAP&bbn=2562090011&ie=UTF8&qid=1556691799&rnid=2528832011"
"01-05-2019","Automotive","Car Care","DART","1","https://www.amazon.com/s/ref=sr_in_d_p_89_3?fst=as%3Aoff&rh=n%3A2562090011%2Cn%3A%2115690151%2Cn%3A15718271%2Cp_89%3ADART&bbn=2562090011&ie=UTF8&qid=1556691799&rnid=2528832011"
"01-05-2019","Automotive","Car Care","DAVIS INSTRUMENTS","1","https://www.amazon.com/s/ref=sr_in_d_p_89_4?fst=as%3Aoff&rh=n%3A2562090011%2Cn%3A%2115690151%2Cn%3A15718271%2Cp_89%3ADAVIS+INSTRUMENTS&bbn=2562090011&ie=UTF8&qid=1556691799&rnid=2528832011"
"01-05-2019","Automotive","Car Care","Davis Instruments","1","https://www.amazon.com/s/ref=sr_in_d_p_89_5?fst=as%3Aoff&rh=n%3A2562090011%2Cn%3A%2115690151%2Cn%3A15718271%2Cp_89%3ADavis+Instruments&bbn=2562090011&ie=UTF8&qid=1556691799&rnid=2528832011"
"01-05-2019","Automotive","Car Care","DDSKY","1","https://www.amazon.com/s/ref=sr_in_d_p_89_6?fst=as%3Aoff&rh=n%3A2562090011%2Cn%3A%2115690151%2Cn%3A15718271%2Cp_89%3ADDSKY&bbn=2562090011&ie=UTF8&qid=1556691799&rnid=2528832011"
"01-05-2019","Automotive","Car Care","DEDC","1","https://www.amazon.com/s/ref=sr_in_d_p_89_7?fst=as%3Aoff&rh=n%3A2562090011%2Cn%3A%2115690151%2Cn%3A15718271%2Cp_89%3ADEDC&bbn=2562090011&ie=UTF8&qid=1556691799&rnid=2528832011"
"01-05-2019","Automotive","Car Care","Deke Home","2","https://www.amazon.com/s/ref=sr_in_d_p_89_8?fst=as%3Aoff&rh=n%3A2562090011%2Cn%3A%2115690151%2Cn%3A15718271%2Cp_89%3ADeke+Home&bbn=2562090011&ie=UTF8&qid=1556691799&rnid=2528832011"
"01-05-2019","Automotive","Car Care","desired tools","2","https://www.amazon.com/s/ref=sr_in_d_p_89_9?fst=as%3Aoff&rh=n%3A2562090011%2Cn%3A%2115690151%2Cn%3A15718271%2Cp_89%3Adesired+tools&bbn=2562090011&ie=UTF8&qid=1556691799&rnid=2528832011"
"01-05-2019","Automotive","Car Care","Detail Buddy","1","https://www.amazon.com/s/ref=sr_in_d_p_89_10?fst=as%3Aoff&rh=n%3A2562090011%2Cn%3A%2115690151%2Cn%3A15718271%2Cp_89%3ADetail+Buddy&bbn=2562090011&ie=UTF8&qid=1556691799&rnid=2528832011"
"01-05-2019","Automotive","Car Care","Detail King","4","https://www.amazon.com/s/ref=sr_in_d_p_89_11?fst=as%3Aoff&rh=n%3A2562090011%2Cn%3A%2115690151%2Cn%3A15718271%2Cp_89%3ADetail+King&bbn=2562090011&ie=UTF8&qid=1556691799&rnid=2528832011"
"01-05-2019","Automotive","Car Care","Detailer 365","2","https://www.amazon.com/s/ref=sr_in_d_p_89_12?fst=as%3Aoff&rh=n%3A2562090011%2Cn%3A%2115690151%2Cn%3A15718271%2Cp_89%3ADetailer+365&bbn=2562090011&ie=UTF8&qid=1556691799&rnid=2528832011"
"01-05-2019","Automotive","Car Care","Detailer's Choice","57","https://www.amazon.com/s/ref=sr_in_d_p_89_13?fst=as%3Aoff&rh=n%3A2562090011%2Cn%3A%2115690151%2Cn%3A15718271%2Cp_89%3ADetailer%27s+Choice&bbn=2562090011&ie=UTF8&qid=1556691799&rnid=2528832011"
"01-05-2019","Automotive","Car Care","Detailer's Garage","2","https://www.amazon.com/s/ref=sr_in_d_p_89_14?fst=as%3Aoff&rh=n%3A2562090011%2Cn%3A%2115690151%2Cn%3A15718271%2Cp_89%3ADetailer%27s+Garage&bbn=2562090011&ie=UTF8&qid=1556691799&rnid=2528832011"
"01-05-2019","Automotive","Car Care","Detailer's Preference","6","https://www.amazon.com/s/ref=sr_in_d_p_89_15?fst=as%3Aoff&rh=n%3A2562090011%2Cn%3A%2115690151%2Cn%3A15718271%2Cp_89%3ADetailer%27s+Preference&bbn=2562090011&ie=UTF8&qid=1556691799&rnid=2528832011"
"01-05-2019","Automotive","Car Care","DeVilbiss","2","https://www.amazon.com/s/ref=sr_in_d_p_89_16?fst=as%3Aoff&rh=n%3A2562090011%2Cn%3A%2115690151%2Cn%3A15718271%2Cp_89%3ADeVilbiss&bbn=2562090011&ie=UTF8&qid=1556691799&rnid=2528832011"
"01-05-2019","Automotive","Car Care","DEWALT","7","https://www.amazon.com/s/ref=sr_in_d_p_89_17?fst=as%3Aoff&rh=n%3A2562090011%2Cn%3A%2115690151%2Cn%3A15718271%2Cp_89%3ADEWALT&bbn=2562090011&ie=UTF8&qid=1556691799&rnid=2528832011"
"01-05-2019","Automotive","Car Care","DGQ","1","https://www.amazon.com/s/ref=sr_in_d_p_89_18?fst=as%3Aoff&rh=n%3A2562090011%2Cn%3A%2115690151%2Cn%3A15718271%2Cp_89%3ADGQ&bbn=2562090011&ie=UTF8&qid=1556691799&rnid=2528832011"
"01-05-2019","Automotive","Car Care","DiabloSport","1","https://www.amazon.com/s/ref=sr_in_d_p_89_19?fst=as%3Aoff&rh=n%3A2562090011%2Cn%3A%2115690151%2Cn%3A15718271%2Cp_89%3ADiabloSport&bbn=2562090011&ie=UTF8&qid=1556691799&rnid=2528832011"
"01-05-2019","Automotive","Car Care","Dial","1","https://www.amazon.com/s/ref=sr_in_d_p_89_20?fst=as%3Aoff&rh=n%3A2562090011%2Cn%3A%2115690151%2Cn%3A15718271%2Cp_89%3ADial&bbn=2562090011&ie=UTF8&qid=1556691799&rnid=2528832011"
"01-05-2019","Automotive","Car Care","Dico","15","https://www.amazon.com/s/ref=sr_in_d_p_89_21?fst=as%3Aoff&rh=n%3A2562090011%2Cn%3A%2115690151%2Cn%3A15718271%2Cp_89%3ADico&bbn=2562090011&ie=UTF8&qid=1556691799&rnid=2528832011"
"01-05-2019","Automotive","Car Care","DINY Home & Style","1","https://www.amazon.com/s/ref=sr_in_d_p_89_22?fst=as%3Aoff&rh=n%3A2562090011%2Cn%3A%2115690151%2Cn%3A15718271%2Cp_89%3ADINY+Home+%26+Style&bbn=2562090011&ie=UTF8&qid=1556691799&rnid=2528832011"
"01-05-2019","Automotive","Car Care","DipYourCar","1","https://www.amazon.com/s/ref=sr_in_d_p_89_23?fst=as%3Aoff&rh=n%3A2562090011%2Cn%3A%2115690151%2Cn%3A15718271%2Cp_89%3ADipYourCar&bbn=2562090011&ie=UTF8&qid=1556691799&rnid=2528832011"
"01-05-2019","Automotive","Car Care","Diversitech","1","https://www.amazon.com/s/ref=sr_in_d_p_89_24?fst=as%3Aoff&rh=n%3A2562090011%2Cn%3A%2115690151%2Cn%3A15718271%2Cp_89%3ADiversitech&bbn=2562090011&ie=UTF8&qid=1556691799&rnid=2528832011"
"01-05-2019","Automotive","Car Care","DNA MOTORING","1","https://www.amazon.com/s/ref=sr_in_d_p_89_25?fst=as%3Aoff&rh=n%3A2562090011%2Cn%3A%2115690151%2Cn%3A15718271%2Cp_89%3ADNA+MOTORING&bbn=2562090011&ie=UTF8&qid=1556691799&rnid=2528832011"
"01-05-2019","Automotive","Car Care","Doc Baileys","1","https://www.amazon.com/s/ref=sr_in_d_p_89_26?fst=as%3Aoff&rh=n%3A2562090011%2Cn%3A%2115690151%2Cn%3A15718271%2Cp_89%3ADoc+Baileys&bbn=2562090011&ie=UTF8&qid=1556691799&rnid=2528832011"
"01-05-2019","Automotive","Car Care","DoCred","1","https://www.amazon.com/s/ref=sr_in_d_p_89_27?fst=as%3Aoff&rh=n%3A2562090011%2Cn%3A%2115690151%2Cn%3A15718271%2Cp_89%3ADoCred&bbn=2562090011&ie=UTF8&qid=1556691799&rnid=2528832011"
"01-05-2019","Automotive","Car Care","Dodo Juice","1","https://www.amazon.com/s/ref=sr_in_d_p_89_28?fst=as%3Aoff&rh=n%3A2562090011%2Cn%3A%2115690151%2Cn%3A15718271%2Cp_89%3ADodo+Juice&bbn=2562090011&ie=UTF8&qid=1556691799&rnid=2528832011"
"01-05-2019","Automotive","Car Care","Dometic","2","https://www.amazon.com/s/ref=sr_in_d_p_89_29?fst=as%3Aoff&rh=n%3A2562090011%2Cn%3A%2115690151%2Cn%3A15718271%2Cp_89%3ADometic&bbn=2562090011&ie=UTF8&qid=1556691799&rnid=2528832011"
"01-05-2019","Automotive","Car Care","Donkey Auto Products","1","https://www.amazon.com/s/ref=sr_in_d_p_89_30?fst=as%3Aoff&rh=n%3A2562090011%2Cn%3A%2115690151%2Cn%3A15718271%2Cp_89%3ADonkey+Auto+Products&bbn=2562090011&ie=UTF8&qid=1556691799&rnid=2528832011"
"01-05-2019","Automotive","Car Care","Dorman","10","https://www.amazon.com/s/ref=sr_in_d_p_89_31?fst=as%3Aoff&rh=n%3A2562090011%2Cn%3A%2115690151%2Cn%3A15718271%2Cp_89%3ADorman&bbn=2562090011&ie=UTF8&qid=1556691799&rnid=2528832011"
"01-05-2019","Automotive","Car Care","Dovo","1","https://www.amazon.com/s/ref=sr_in_d_p_89_32?fst=as%3Aoff&rh=n%3A2562090011%2Cn%3A%2115690151%2Cn%3A15718271%2Cp_89%3ADovo&bbn=2562090011&ie=UTF8&qid=1556691799&rnid=2528832011"
"01-05-2019","Automotive","Car Care","DQB Industries","2","https://www.amazon.com/s/ref=sr_in_d_p_89_33?fst=as%3Aoff&rh=n%3A2562090011%2Cn%3A%2115690151%2Cn%3A15718271%2Cp_89%3ADQB+Industries&bbn=2562090011&ie=UTF8&qid=1556691799&rnid=2528832011"
"01-05-2019","Automotive","Car Care","Dr. Beasley's","9","https://www.amazon.com/s/ref=sr_in_d_p_89_34?fst=as%3Aoff&rh=n%3A2562090011%2Cn%3A%2115690151%2Cn%3A15718271%2Cp_89%3ADr.+Beasley%27s&bbn=2562090011&ie=UTF8&qid=1556691799&rnid=2528832011"
"01-05-2019","Automotive","Car Care","Dragon Squama","1","https://www.amazon.com/s/ref=sr_in_d_p_89_35?fst=as%3Aoff&rh=n%3A2562090011%2Cn%3A%2115690151%2Cn%3A15718271%2Cp_89%3ADragon+Squama&bbn=2562090011&ie=UTF8&qid=1556691799&rnid=2528832011"
"01-05-2019","Automotive","Car Care","Dragonfire Racing","1","https://www.amazon.com/s/ref=sr_in_d_p_89_36?fst=as%3Aoff&rh=n%3A2562090011%2Cn%3A%2115690151%2Cn%3A15718271%2Cp_89%3ADragonfire+Racing&bbn=2562090011&ie=UTF8&qid=1556691799&rnid=2528832011"
"01-05-2019","Automotive","Car Care","Dreamtop","1","https://www.amazon.com/s/ref=sr_in_d_p_89_37?fst=as%3Aoff&rh=n%3A2562090011%2Cn%3A%2115690151%2Cn%3A15718271%2Cp_89%3ADreamtop&bbn=2562090011&ie=UTF8&qid=1556691799&rnid=2528832011"
"01-05-2019","Automotive","Car Care","Drexler Ceramic","2","https://www.amazon.com/s/ref=sr_in_d_p_89_38?fst=as%3Aoff&rh=n%3A2562090011%2Cn%3A%2115690151%2Cn%3A15718271%2Cp_89%3ADrexler+Ceramic&bbn=2562090011&ie=UTF8&qid=1556691799&rnid=2528832011"
"01-05-2019","Automotive","Car Care","Dri Wash 'n Guard","2","https://www.amazon.com/s/ref=sr_in_d_p_89_39?fst=as%3Aoff&rh=n%3A2562090011%2Cn%3A%2115690151%2Cn%3A15718271%2Cp_89%3ADri+Wash+%27n+Guard&bbn=2562090011&ie=UTF8&qid=1556691799&rnid=2528832011"
"01-05-2019","Automotive","Car Care","Drive Auto Products","1","https://www.amazon.com/s/ref=sr_in_d_p_89_40?fst=as%3Aoff&rh=n%3A2562090011%2Cn%3A%2115690151%2Cn%3A15718271%2Cp_89%3ADrive+Auto+Products&bbn=2562090011&ie=UTF8&qid=1556691799&rnid=2528832011"
"01-05-2019","Automotive","Car Care","DRIVEN","1","https://www.amazon.com/s/ref=sr_in_d_p_89_41?fst=as%3Aoff&rh=n%3A2562090011%2Cn%3A%2115690151%2Cn%3A15718271%2Cp_89%3ADRIVEN&bbn=2562090011&ie=UTF8&qid=1556691799&rnid=2528832011"
"01-05-2019","Automotive","Car Care","Driver's Choice","2","https://www.amazon.com/s/ref=sr_in_d_p_89_42?fst=as%3Aoff&rh=n%3A2562090011%2Cn%3A%2115690151%2Cn%3A15718271%2Cp_89%3ADriver%27s+Choice&bbn=2562090011&ie=UTF8&qid=1556691799&rnid=2528832011"
"01-05-2019","Automotive","Car Care","DROK","1","https://www.amazon.com/s/ref=sr_in_d_p_89_43?fst=as%3Aoff&rh=n%3A2562090011%2Cn%3A%2115690151%2Cn%3A15718271%2Cp_89%3ADROK&bbn=2562090011&ie=UTF8&qid=1556691799&rnid=2528832011"
"01-05-2019","Automotive","Car Care","Dry Rite","1","https://www.amazon.com/s/ref=sr_in_d_p_89_44?fst=as%3Aoff&rh=n%3A2562090011%2Cn%3A%2115690151%2Cn%3A15718271%2Cp_89%3ADry+Rite&bbn=2562090011&ie=UTF8&qid=1556691799&rnid=2528832011"
"01-05-2019","Automotive","Car Care","DUMI","5","https://www.amazon.com/s/ref=sr_in_d_p_89_45?fst=as%3Aoff&rh=n%3A2562090011%2Cn%3A%2115690151%2Cn%3A15718271%2Cp_89%3ADUMI&bbn=2562090011&ie=UTF8&qid=1556691799&rnid=2528832011"
"01-05-2019","Automotive","Car Care","Duragloss","18","https://www.amazon.com/s/ref=sr_in_d_p_89_46?fst=as%3Aoff&rh=n%3A2562090011%2Cn%3A%2115690151%2Cn%3A15718271%2Cp_89%3ADuragloss&bbn=2562090011&ie=UTF8&qid=1556691799&rnid=2528832011"
"01-05-2019","Automotive","Car Care","Dusterior","1","https://www.amazon.com/s/ref=sr_in_d_p_89_47?fst=as%3Aoff&rh=n%3A2562090011%2Cn%3A%2115690151%2Cn%3A15718271%2Cp_89%3ADusterior&bbn=2562090011&ie=UTF8&qid=1556691799&rnid=2528832011"
"01-05-2019","Automotive","Car Care","Dynabrade","10","https://www.amazon.com/s/ref=sr_in_d_p_89_48?fst=as%3Aoff&rh=n%3A2562090011%2Cn%3A%2115690151%2Cn%3A15718271%2Cp_89%3ADynabrade&bbn=2562090011&ie=UTF8&qid=1556691799&rnid=2528832011"
"01-05-2019","Automotive","Car Care","Dynajet","2","https://www.amazon.com/s/ref=sr_in_d_p_89_49?fst=as%3Aoff&rh=n%3A2562090011%2Cn%3A%2115690151%2Cn%3A15718271%2Cp_89%3ADynajet&bbn=2562090011&ie=UTF8&qid=1556691799&rnid=2528832011"
"01-05-2019","Automotive","Car Care","e-Rookie","1","https://www.amazon.com/s/ref=sr_in_e_p_89_0?fst=as%3Aoff&rh=n%3A2562090011%2Cn%3A%2115690151%2Cn%3A15718271%2Cp_89%3Ae-Rookie&bbn=2562090011&ie=UTF8&qid=1556691803&rnid=2528832011"
"01-05-2019","Automotive","Car Care","E-Z Mix","13","https://www.amazon.com/s/ref=sr_in_e_p_89_1?fst=as%3Aoff&rh=n%3A2562090011%2Cn%3A%2115690151%2Cn%3A15718271%2Cp_89%3AE-Z+Mix&bbn=2562090011&ie=UTF8&qid=1556691803&rnid=2528832011"
"01-05-2019","Automotive","Car Care","E-Z Red","2","https://www.amazon.com/s/ref=sr_in_e_p_89_2?fst=as%3Aoff&rh=n%3A2562090011%2Cn%3A%2115690151%2Cn%3A15718271%2Cp_89%3AE-Z+Red&bbn=2562090011&ie=UTF8&qid=1556691803&rnid=2528832011"
"01-05-2019","Automotive","Car Care","Eagle One","1","https://www.amazon.com/s/ref=sr_in_e_p_89_3?fst=as%3Aoff&rh=n%3A2562090011%2Cn%3A%2115690151%2Cn%3A15718271%2Cp_89%3AEagle+One&bbn=2562090011&ie=UTF8&qid=1556691803&rnid=2528832011"
"01-05-2019","Automotive","Car Care","Easy Light","6","https://www.amazon.com/s/ref=sr_in_e_p_89_4?fst=as%3Aoff&rh=n%3A2562090011%2Cn%3A%2115690151%2Cn%3A15718271%2Cp_89%3AEasy+Light&bbn=2562090011&ie=UTF8&qid=1556691803&rnid=2528832011"
"01-05-2019","Automotive","Car Care","Easyinsmile","1","https://www.amazon.com/s/ref=sr_in_e_p_89_5?fst=as%3Aoff&rh=n%3A2562090011%2Cn%3A%2115690151%2Cn%3A15718271%2Cp_89%3AEasyinsmile&bbn=2562090011&ie=UTF8&qid=1556691803&rnid=2528832011"
"01-05-2019","Automotive","Car Care","Eddie Bauer","1","https://www.amazon.com/s/ref=sr_in_e_p_89_6?fst=as%3Aoff&rh=n%3A2562090011%2Cn%3A%2115690151%2Cn%3A15718271%2Cp_89%3AEddie+Bauer&bbn=2562090011&ie=UTF8&qid=1556691803&rnid=2528832011"
"01-05-2019","Automotive","Car Care","Effax","1","https://www.amazon.com/s/ref=sr_in_e_p_89_7?fst=as%3Aoff&rh=n%3A2562090011%2Cn%3A%2115690151%2Cn%3A15718271%2Cp_89%3AEffax&bbn=2562090011&ie=UTF8&qid=1556691803&rnid=2528832011"
"01-05-2019","Automotive","Car Care","Ehdis","2","https://www.amazon.com/s/ref=sr_in_e_p_89_8?fst=as%3Aoff&rh=n%3A2562090011%2Cn%3A%2115690151%2Cn%3A15718271%2Cp_89%3AEhdis&bbn=2562090011&ie=UTF8&qid=1556691803&rnid=2528832011"
"01-05-2019","Automotive","Car Care","Electop","2","https://www.amazon.com/s/ref=sr_in_e_p_89_9?fst=as%3Aoff&rh=n%3A2562090011%2Cn%3A%2115690151%2Cn%3A15718271%2Cp_89%3AElectop&bbn=2562090011&ie=UTF8&qid=1556691803&rnid=2528832011"
"01-05-2019","Automotive","Car Care","Energy Release","1","https://www.amazon.com/s/ref=sr_in_e_p_89_10?fst=as%3Aoff&rh=n%3A2562090011%2Cn%3A%2115690151%2Cn%3A15718271%2Cp_89%3AEnergy+Release&bbn=2562090011&ie=UTF8&qid=1556691803&rnid=2528832011"
"01-05-2019","Automotive","Car Care","Energy Suspension","1","https://www.amazon.com/s/ref=sr_in_e_p_89_11?fst=as%3Aoff&rh=n%3A2562090011%2Cn%3A%2115690151%2Cn%3A15718271%2Cp_89%3AEnergy+Suspension&bbn=2562090011&ie=UTF8&qid=1556691803&rnid=2528832011"
"01-05-2019","Automotive","Car Care","Enkay","12","https://www.amazon.com/s/ref=sr_in_e_p_89_12?fst=as%3Aoff&rh=n%3A2562090011%2Cn%3A%2115690151%2Cn%3A15718271%2Cp_89%3AEnkay&bbn=2562090011&ie=UTF8&qid=1556691803&rnid=2528832011"
"01-05-2019","Automotive","Car Care","ePathChina","1","https://www.amazon.com/s/ref=sr_in_e_p_89_13?fst=as%3Aoff&rh=n%3A2562090011%2Cn%3A%2115690151%2Cn%3A15718271%2Cp_89%3AePathChina&bbn=2562090011&ie=UTF8&qid=1556691803&rnid=2528832011"
"01-05-2019","Automotive","Car Care","Equiessentials","2","https://www.amazon.com/s/ref=sr_in_e_p_89_14?fst=as%3Aoff&rh=n%3A2562090011%2Cn%3A%2115690151%2Cn%3A15718271%2Cp_89%3AEquiessentials&bbn=2562090011&ie=UTF8&qid=1556691803&rnid=2528832011"
"01-05-2019","Automotive","Car Care","Essential Car Duster","1","https://www.amazon.com/s/ref=sr_in_e_p_89_15?fst=as%3Aoff&rh=n%3A2562090011%2Cn%3A%2115690151%2Cn%3A15718271%2Cp_89%3AEssential+Car+Duster&bbn=2562090011&ie=UTF8&qid=1556691803&rnid=2528832011"
"01-05-2019","Automotive","Car Care","EternaBond","1","https://www.amazon.com/s/ref=sr_in_e_p_89_16?fst=as%3Aoff&rh=n%3A2562090011%2Cn%3A%2115690151%2Cn%3A15718271%2Cp_89%3AEternaBond&bbn=2562090011&ie=UTF8&qid=1556691803&rnid=2528832011"
"01-05-2019","Automotive","Car Care","Ethos Handcrafted Car Care","3","https://www.amazon.com/s/ref=sr_in_e_p_89_17?fst=as%3Aoff&rh=n%3A2562090011%2Cn%3A%2115690151%2Cn%3A15718271%2Cp_89%3AEthos+Handcrafted+Car+Care&bbn=2562090011&ie=UTF8&qid=1556691803&rnid=2528832011"
"01-05-2019","Automotive","Car Care","Ettore","1","https://www.amazon.com/s/ref=sr_in_e_p_89_18?fst=as%3Aoff&rh=n%3A2562090011%2Cn%3A%2115690151%2Cn%3A15718271%2Cp_89%3AEttore&bbn=2562090011&ie=UTF8&qid=1556691803&rnid=2528832011"
"01-05-2019","Automotive","Car Care","EURO TOOL","1","https://www.amazon.com/s/ref=sr_in_e_p_89_19?fst=as%3Aoff&rh=n%3A2562090011%2Cn%3A%2115690151%2Cn%3A15718271%2Cp_89%3AEURO+TOOL&bbn=2562090011&ie=UTF8&qid=1556691803&rnid=2528832011"
"01-05-2019","Automotive","Car Care","European Leather","2","https://www.amazon.com/s/ref=sr_in_e_p_89_20?fst=as%3Aoff&rh=n%3A2562090011%2Cn%3A%2115690151%2Cn%3A15718271%2Cp_89%3AEuropean+Leather&bbn=2562090011&ie=UTF8&qid=1556691803&rnid=2528832011"
"01-05-2019","Automotive","Car Care","Eurow","9","https://www.amazon.com/s/ref=sr_in_e_p_89_21?fst=as%3Aoff&rh=n%3A2562090011%2Cn%3A%2115690151%2Cn%3A15718271%2Cp_89%3AEurow&bbn=2562090011&ie=UTF8&qid=1556691803&rnid=2528832011"
"01-05-2019","Automotive","Car Care","Evapo-Rust","3","https://www.amazon.com/s/ref=sr_in_e_p_89_22?fst=as%3Aoff&rh=n%3A2562090011%2Cn%3A%2115690151%2Cn%3A15718271%2Cp_89%3AEvapo-Rust&bbn=2562090011&ie=UTF8&qid=1556691803&rnid=2528832011"
"01-05-2019","Automotive","Car Care","Evelots","3","https://www.amazon.com/s/ref=sr_in_e_p_89_23?fst=as%3Aoff&rh=n%3A2562090011%2Cn%3A%2115690151%2Cn%3A15718271%2Cp_89%3AEvelots&bbn=2562090011&ie=UTF8&qid=1556691803&rnid=2528832011"
"01-05-2019","Automotive","Car Care","Ever New Automotive Preservation","1","https://www.amazon.com/s/ref=sr_in_e_p_89_24?fst=as%3Aoff&rh=n%3A2562090011%2Cn%3A%2115690151%2Cn%3A15718271%2Cp_89%3AEver+New+Automotive+Preservation&bbn=2562090011&ie=UTF8&qid=1556691803&rnid=2528832011"
"01-05-2019","Automotive","Car Care","Evercoat","2","https://www.amazon.com/s/ref=sr_in_e_p_89_25?fst=as%3Aoff&rh=n%3A2562090011%2Cn%3A%2115690151%2Cn%3A15718271%2Cp_89%3AEvercoat&bbn=2562090011&ie=UTF8&qid=1556691803&rnid=2528832011"
"01-05-2019","Automotive","Car Care","EZ Detail","1","https://www.amazon.com/s/ref=sr_in_e_p_89_26?fst=as%3Aoff&rh=n%3A2562090011%2Cn%3A%2115690151%2Cn%3A15718271%2Cp_89%3AEZ+Detail&bbn=2562090011&ie=UTF8&qid=1556691803&rnid=2528832011"
"01-05-2019","Automotive","Car Care","F.L.S","1","https://www.amazon.com/s/ref=sr_in_f_p_89_0?fst=as%3Aoff&rh=n%3A2562090011%2Cn%3A%2115690151%2Cn%3A15718271%2Cp_89%3AF.L.S&bbn=2562090011&ie=UTF8&qid=1556691808&rnid=2528832011"
"01-05-2019","Automotive","Car Care","Farecla","1","https://www.amazon.com/s/ref=sr_in_f_p_89_1?fst=as%3Aoff&rh=n%3A2562090011%2Cn%3A%2115690151%2Cn%3A15718271%2Cp_89%3AFarecla&bbn=2562090011&ie=UTF8&qid=1556691808&rnid=2528832011"
"01-05-2019","Automotive","Car Care","Farécla","1","https://www.amazon.com/s/ref=sr_in_f_p_89_2?fst=as%3Aoff&rh=n%3A2562090011%2Cn%3A%2115690151%2Cn%3A15718271%2Cp_89%3AFar%C3%A9cla&bbn=2562090011&ie=UTF8&qid=1556691808&rnid=2528832011"
"01-05-2019","Automotive","Car Care","Fasmov","5","https://www.amazon.com/s/ref=sr_in_f_p_89_3?fst=as%3Aoff&rh=n%3A2562090011%2Cn%3A%2115690151%2Cn%3A15718271%2Cp_89%3AFasmov&bbn=2562090011&ie=UTF8&qid=1556691808&rnid=2528832011"
"01-05-2019","Automotive","Car Care","FEENM","1","https://www.amazon.com/s/ref=sr_in_f_p_89_4?fst=as%3Aoff&rh=n%3A2562090011%2Cn%3A%2115690151%2Cn%3A15718271%2Cp_89%3AFEENM&bbn=2562090011&ie=UTF8&qid=1556691808&rnid=2528832011"
"01-05-2019","Automotive","Car Care","Feet First","1","https://www.amazon.com/s/ref=sr_in_f_p_89_5?fst=as%3Aoff&rh=n%3A2562090011%2Cn%3A%2115690151%2Cn%3A15718271%2Cp_89%3AFeet+First&bbn=2562090011&ie=UTF8&qid=1556691808&rnid=2528832011"
"01-05-2019","Automotive","Car Care","Fein","1","https://www.amazon.com/s/ref=sr_in_f_p_89_6?fst=as%3Aoff&rh=n%3A2562090011%2Cn%3A%2115690151%2Cn%3A15718271%2Cp_89%3AFein&bbn=2562090011&ie=UTF8&qid=1556691808&rnid=2528832011"
"01-05-2019","Automotive","Car Care","Fertan","1","https://www.amazon.com/s/ref=sr_in_f_p_89_7?fst=as%3Aoff&rh=n%3A2562090011%2Cn%3A%2115690151%2Cn%3A15718271%2Cp_89%3AFertan&bbn=2562090011&ie=UTF8&qid=1556691808&rnid=2528832011"
"01-05-2019","Automotive","Car Care","Festool","1","https://www.amazon.com/s/ref=sr_in_f_p_89_8?fst=as%3Aoff&rh=n%3A2562090011%2Cn%3A%2115690151%2Cn%3A15718271%2Cp_89%3AFestool&bbn=2562090011&ie=UTF8&qid=1556691808&rnid=2528832011"
"01-05-2019","Automotive","Car Care","Fiebing's","5","https://www.amazon.com/s/ref=sr_in_f_p_89_9?fst=as%3Aoff&rh=n%3A2562090011%2Cn%3A%2115690151%2Cn%3A15718271%2Cp_89%3AFiebing%27s&bbn=2562090011&ie=UTF8&qid=1556691808&rnid=2528832011"
"01-05-2019","Automotive","Car Care","FineLife","1","https://www.amazon.com/s/ref=sr_in_f_p_89_10?fst=as%3Aoff&rh=n%3A2562090011%2Cn%3A%2115690151%2Cn%3A15718271%2Cp_89%3AFineLife&bbn=2562090011&ie=UTF8&qid=1556691808&rnid=2528832011"
"01-05-2019","Automotive","Car Care","FIRSTINFO TOOLS FIT YOUR NEEDS","1","https://www.amazon.com/s/ref=sr_in_f_p_89_11?fst=as%3Aoff&rh=n%3A2562090011%2Cn%3A%2115690151%2Cn%3A15718271%2Cp_89%3AFIRSTINFO+TOOLS+FIT+YOUR+NEEDS&bbn=2562090011&ie=UTF8&qid=1556691808&rnid=2528832011"
"01-05-2019","Automotive","Car Care","FIVE CENTS","2","https://www.amazon.com/s/ref=sr_in_f_p_89_12?fst=as%3Aoff&rh=n%3A2562090011%2Cn%3A%2115690151%2Cn%3A15718271%2Cp_89%3AFIVE+CENTS&bbn=2562090011&ie=UTF8&qid=1556691808&rnid=2528832011"
"01-05-2019","Automotive","Car Care","fiz","1","https://www.amazon.com/s/ref=sr_in_f_p_89_13?fst=as%3Aoff&rh=n%3A2562090011%2Cn%3A%2115690151%2Cn%3A15718271%2Cp_89%3Afiz&bbn=2562090011&ie=UTF8&qid=1556691808&rnid=2528832011"
"01-05-2019","Automotive","Car Care","Flex","1","https://www.amazon.com/s/ref=sr_in_f_p_89_14?fst=as%3Aoff&rh=n%3A2562090011%2Cn%3A%2115690151%2Cn%3A15718271%2Cp_89%3AFlex&bbn=2562090011&ie=UTF8&qid=1556691808&rnid=2528832011"
"01-05-2019","Automotive","Car Care","Flexcut","1","https://www.amazon.com/s/ref=sr_in_f_p_89_15?fst=as%3Aoff&rh=n%3A2562090011%2Cn%3A%2115690151%2Cn%3A15718271%2Cp_89%3AFlexcut&bbn=2562090011&ie=UTF8&qid=1556691808&rnid=2528832011"
"01-05-2019","Automotive","Car Care","Flitz","12","https://www.amazon.com/s/ref=sr_in_f_p_89_16?fst=as%3Aoff&rh=n%3A2562090011%2Cn%3A%2115690151%2Cn%3A15718271%2Cp_89%3AFlitz&bbn=2562090011&ie=UTF8&qid=1556691808&rnid=2528832011"
"01-05-2019","Automotive","Car Care","flp llc","4","https://www.amazon.com/s/ref=sr_in_f_p_89_17?fst=as%3Aoff&rh=n%3A2562090011%2Cn%3A%2115690151%2Cn%3A15718271%2Cp_89%3Aflp+llc&bbn=2562090011&ie=UTF8&qid=1556691808&rnid=2528832011"
"01-05-2019","Automotive","Car Care","FMS","1","https://www.amazon.com/s/ref=sr_in_f_p_89_18?fst=as%3Aoff&rh=n%3A2562090011%2Cn%3A%2115690151%2Cn%3A15718271%2Cp_89%3AFMS&bbn=2562090011&ie=UTF8&qid=1556691808&rnid=2528832011"
"01-05-2019","Automotive","Car Care","FOLCONROAD","1","https://www.amazon.com/s/ref=sr_in_f_p_89_19?fst=as%3Aoff&rh=n%3A2562090011%2Cn%3A%2115690151%2Cn%3A15718271%2Cp_89%3AFOLCONROAD&bbn=2562090011&ie=UTF8&qid=1556691808&rnid=2528832011"
"01-05-2019","Automotive","Car Care","For Ideahome","1","https://www.amazon.com/s/ref=sr_in_f_p_89_20?fst=as%3Aoff&rh=n%3A2562090011%2Cn%3A%2115690151%2Cn%3A15718271%2Cp_89%3AFor+Ideahome&bbn=2562090011&ie=UTF8&qid=1556691808&rnid=2528832011"
"01-05-2019","Automotive","Car Care","ForceField","1","https://www.amazon.com/s/ref=sr_in_f_p_89_21?fst=as%3Aoff&rh=n%3A2562090011%2Cn%3A%2115690151%2Cn%3A15718271%2Cp_89%3AForceField&bbn=2562090011&ie=UTF8&qid=1556691808&rnid=2528832011"
"01-05-2019","Automotive","Car Care","Ford","2","https://www.amazon.com/s/ref=sr_in_f_p_89_22?fst=as%3Aoff&rh=n%3A2562090011%2Cn%3A%2115690151%2Cn%3A15718271%2Cp_89%3AFord&bbn=2562090011&ie=UTF8&qid=1556691808&rnid=2528832011"
"01-05-2019","Automotive","Car Care","Forever Black","1","https://www.amazon.com/s/ref=sr_in_f_p_89_23?fst=as%3Aoff&rh=n%3A2562090011%2Cn%3A%2115690151%2Cn%3A15718271%2Cp_89%3AForever+Black&bbn=2562090011&ie=UTF8&qid=1556691808&rnid=2528832011"
"01-05-2019","Automotive","Car Care","Forever Car Car Products","2","https://www.amazon.com/s/ref=sr_in_f_p_89_24?fst=as%3Aoff&rh=n%3A2562090011%2Cn%3A%2115690151%2Cn%3A15718271%2Cp_89%3AForever+Car+Car+Products&bbn=2562090011&ie=UTF8&qid=1556691808&rnid=2528832011"
"01-05-2019","Automotive","Car Care","Forever Car Care Products","3","https://www.amazon.com/s/ref=sr_in_f_p_89_25?fst=as%3Aoff&rh=n%3A2562090011%2Cn%3A%2115690151%2Cn%3A15718271%2Cp_89%3AForever+Car+Care+Products&bbn=2562090011&ie=UTF8&qid=1556691808&rnid=2528832011"
"01-05-2019","Automotive","Car Care","Formula 1","32","https://www.amazon.com/s/ref=sr_in_f_p_89_26?fst=as%3Aoff&rh=n%3A2562090011%2Cn%3A%2115690151%2Cn%3A15718271%2Cp_89%3AFormula+1&bbn=2562090011&ie=UTF8&qid=1556691808&rnid=2528832011"
"01-05-2019","Automotive","Car Care","FORTEM THE EXTRA MILE","1","https://www.amazon.com/s/ref=sr_in_f_p_89_27?fst=as%3Aoff&rh=n%3A2562090011%2Cn%3A%2115690151%2Cn%3A15718271%2Cp_89%3AFORTEM+THE+EXTRA+MILE&bbn=2562090011&ie=UTF8&qid=1556691808&rnid=2528832011"
"01-05-2019","Automotive","Car Care","Foseal","1","https://www.amazon.com/s/ref=sr_in_f_p_89_28?fst=as%3Aoff&rh=n%3A2562090011%2Cn%3A%2115690151%2Cn%3A15718271%2Cp_89%3AFoseal&bbn=2562090011&ie=UTF8&qid=1556691808&rnid=2528832011"
"01-05-2019","Automotive","Car Care","Four Seasons","1","https://www.amazon.com/s/ref=sr_in_f_p_89_29?fst=as%3Aoff&rh=n%3A2562090011%2Cn%3A%2115690151%2Cn%3A15718271%2Cp_89%3AFour+Seasons&bbn=2562090011&ie=UTF8&qid=1556691808&rnid=2528832011"
"01-05-2019","Automotive","Car Care","Four Star","1","https://www.amazon.com/s/ref=sr_in_f_p_89_30?fst=as%3Aoff&rh=n%3A2562090011%2Cn%3A%2115690151%2Cn%3A15718271%2Cp_89%3AFour+Star&bbn=2562090011&ie=UTF8&qid=1556691808&rnid=2528832011"
"01-05-2019","Automotive","Car Care","Foxnovo","2","https://www.amazon.com/s/ref=sr_in_f_p_89_31?fst=as%3Aoff&rh=n%3A2562090011%2Cn%3A%2115690151%2Cn%3A15718271%2Cp_89%3AFoxnovo&bbn=2562090011&ie=UTF8&qid=1556691808&rnid=2528832011"
"01-05-2019","Automotive","Car Care","FULL WERK","1","https://www.amazon.com/s/ref=sr_in_f_p_89_32?fst=as%3Aoff&rh=n%3A2562090011%2Cn%3A%2115690151%2Cn%3A15718271%2Cp_89%3AFULL+WERK&bbn=2562090011&ie=UTF8&qid=1556691808&rnid=2528832011"
"01-05-2019","Automotive","Car Care","Funlove","1","https://www.amazon.com/s/ref=sr_in_f_p_89_33?fst=as%3Aoff&rh=n%3A2562090011%2Cn%3A%2115690151%2Cn%3A15718271%2Cp_89%3AFunlove&bbn=2562090011&ie=UTF8&qid=1556691808&rnid=2528832011"
